time,FLOW
2013-05-15,0.0157796729429037
2013-05-16,0.0148613094670837
2013-05-17,0.0141219667944918
2013-05-18,0.0168282707627047
2013-05-19,0.0237941240438245
2013-05-20,0.0381026390588165
2013-05-21,0.0261120945726889
2013-05-22,0.0202990825722009
2013-05-23,0.019543082328232
2013-05-24,0.0184201714228596
2013-05-25,0.0160810753518972
2013-05-26,0.0148054399055979
2013-05-27,0.0140040697483314
2013-05-28,0.0140114310227262
2013-05-29,0.0138551659178372
2013-05-30,0.0131020204427239
2013-05-31,0.0142181773519173
2013-06-01,0.0136465941141754
2013-06-02,0.0173089171385815
2013-06-03,0.0153346421057602
2013-06-04,0.0133429337301013
2013-06-05,0.0122412292520763
2013-06-06,0.0566603886618825
2013-06-07,0.0454218396805313
2013-06-08,0.0330037890571152
2013-06-09,0.0243586956814569
2013-06-10,0.0274323805867323
2013-06-11,0.0283434711393449
2013-06-12,0.023061613313405
2013-06-13,0.0217166690872383
2013-06-14,0.0180826544726894
2013-06-15,0.0158479092610217
2013-06-16,0.0150725827150929
2013-06-17,0.0149907193459414
2013-06-18,0.0174379448955898
2013-06-19,0.014978791885888
2013-06-20,0.0135413220196381
2013-06-21,0.01274916676342
2013-06-22,0.0124604301529159
2013-06-23,0.0121527350566936
2013-06-24,0.0116101564670724
2013-06-25,0.011507528626918
2013-06-26,0.0153675009673446
2013-06-27,0.0126649511158062
2013-06-28,0.0118565081656922
2013-06-29,0.0113025431336838
2013-06-30,0.0112473673095813
2013-07-01,0.010953936113468
2013-07-02,0.0400363995541373
2013-07-03,0.0800006666097213
2013-07-04,0.092698571276991
2013-07-05,0.057597129403015
2013-07-06,0.0370130680919515
2013-07-07,0.0298066604636703
2013-07-08,0.0260032899671871
2013-07-09,0.0220495336209296
2013-07-10,0.0740809193880794
2013-07-11,0.0734444797872104
2013-07-12,0.0580346072760252
2013-07-13,0.0432307692913197
2013-07-14,0.0418275108784865
2013-07-15,0.0344164107920003
2013-07-16,0.0293007492248754
2013-07-17,0.0262047268504032
2013-07-18,0.0248633821456639
2013-07-19,0.0233625281380466
2013-07-20,0.0219536335365146
2013-07-21,0.0218464770653955
2013-07-22,0.0208593757809702
2013-07-23,0.0198266721767521
2013-07-24,0.0184104243151732
2013-07-25,0.016921811626841
2013-07-26,0.0162728494527235
2013-07-27,0.017754310573318
2013-07-28,0.0168422168911685
2013-07-29,0.0152067566133178
2013-07-30,0.014008866535834
2013-07-31,0.0137907040032338
2013-08-01,0.0147898638722429
2013-08-02,0.013401858109132
2013-08-03,0.0127005594575646
2013-08-04,0.0123423103955058
2013-08-05,0.0375946789224294
2013-08-06,0.0121318922591277
2013-08-07,0.0123091719265579
2013-08-08,0.0212914638106147
2013-08-09,0.0167024065897539
2013-08-10,0.0133292349779444
2013-08-11,0.0147678718417678
2013-08-12,0.0138993169927777
2013-08-13,0.0132091420304258
2013-08-14,0.0115229557800577
2013-08-15,0.010127733980174
2013-08-16,0.00998084471464142
2013-08-17,0.0103907567647073
2013-08-18,0.0197983750892744
2013-08-19,0.0140815896395987
2013-08-20,0.012147799258564
2013-08-21,0.0111599997699686
2013-08-22,0.0112290820141723
2013-08-23,0.0101298786825263
2013-08-24,0.00960675544116727
2013-08-25,0.00883948586041219
2013-08-26,0.00859941230352606
2013-08-27,0.0089366112728266
2013-08-28,0.00943770128976612
2013-08-29,0.00899516822086805
2013-08-30,0.00812717289579281
2013-08-31,0.008963287453751
2013-09-01,0.00872633661803143
2013-09-02,0.00824505300576725
2013-09-03,0.00781550051451684
2013-09-04,0.00690758712133222
2013-09-05,0.00695277816921384
2013-09-06,0.00623977540253756
2013-09-07,0.00619594762831939
2013-09-08,0.00654825507248065
2013-09-09,0.00631308230717655
2013-09-10,0.0124987186016641
2013-09-11,0.0236984718394675
2013-09-12,0.0220240972579834
2013-09-13,0.0210591198353447
2013-09-14,0.0205719881110766
2013-09-15,0.0202215793617616
2013-09-16,0.0206394218324564
2013-09-17,0.0201504690693628
2013-09-18,0.0196603609007265
2013-09-19,0.0195954600997414
2013-09-20,0.0214396950277534
2013-09-21,0.0244342587116762
2013-09-22,0.0226100103736419
2013-09-23,0.0206198825631661
2013-09-24,0.0198124837672585
2013-09-25,0.0197699429136133
2013-09-26,0.0200618627940832
2013-09-27,0.0196448491265846
2013-09-28,0.0189396884151657
2013-09-29,0.019239390059729
2013-09-30,0.0183471031736876
2013-10-01,0.0184513071539512
2013-10-02,0.0183352235405615
2013-10-03,0.0178193120585472
2013-10-04,0.0178959068736707
2013-10-05,0.0179192934883126
2013-10-06,0.0169309236436497
2013-10-07,0.0290509768494952
2013-10-08,0.0197129211098644
2013-10-09,0.0183230385861126
2013-10-10,0.0208091068070725
2013-10-11,0.0195064707181309
2013-10-12,0.0192211523288675
2013-10-13,0.0182835407853982
2013-10-14,0.0189914156558303
2013-10-15,0.0176994407381736
2013-10-16,0.0172768015034851
2013-10-17,0.0173331617266102
2013-10-18,0.0176734659348574
2013-10-19,0.0165840514910938
2013-10-20,0.0171533652809148
2013-10-21,0.0164482653636017
2013-10-22,0.0163112659235363
2013-10-23,0.0178488390994424
2013-10-24,0.0176069765994942
2013-10-25,0.0179410306956032
2013-10-26,0.016919587900434
2013-10-27,0.0171361100264476
2013-10-28,0.0170978772126327
2013-10-29,0.0166709824298905
2013-10-30,0.0164611487095938
2013-10-31,0.0157339185527327
2013-11-01,0.017668668383617
2013-11-02,0.0182192874146042
2013-11-03,0.0192504817441091
2013-11-04,0.0186594240182671
2013-11-05,0.0181686201780449
2013-11-06,0.0176118126469692
2013-11-07,0.0192241542745986
2013-11-08,0.0202801481273557
2013-11-09,0.0196409763072536
2013-11-10,0.0201016088318385
2013-11-11,0.0193923406534292
2013-11-12,0.0212196885641616
2013-11-13,0.0210852034884006
2013-11-14,0.0202192112161795
2013-11-15,0.0204865543688821
2013-11-16,0.0226870521825104
2013-11-17,0.0196580108897107
2013-11-18,0.0225842720442929
2013-11-19,0.0222124662858516
2013-11-20,0.0210488693328414
2013-11-21,0.0200716406619206
2013-11-22,0.019324370460118
2013-11-23,0.0215100168985437
2013-11-24,0.0230585750779246
2013-11-25,0.0214487460177049
2013-11-26,0.0376727896005232
2013-11-27,0.0390882540479116
2013-11-28,0.024791841438612
2013-11-29,0.0207729784621054
2013-11-30,0.0188964952477291
2013-12-01,0.018657214976992
2013-12-02,0.0180314091228887
2013-12-03,0.0181367334378739
2013-12-04,0.0173341786234845
2013-12-05,0.01661879936022
2013-12-06,0.0215051717311092
2013-12-07,0.0324506459829909
2013-12-08,0.0239556000607272
2013-12-09,0.0258918486813349
2013-12-10,0.0305638740172984
2013-12-11,0.0265819787476828
2013-12-12,0.0235266201234635
2013-12-13,0.0212935361936034
2013-12-14,0.0209334711513674
2013-12-15,0.021795965354195
2013-12-16,0.0204398903967065
2013-12-17,0.0197516991346
2013-12-18,0.0203478441070231
2013-12-19,0.0188899729752445
2013-12-20,0.0184386775963683
2013-12-21,0.0179391073548509
2013-12-22,0.0197967413002166
2013-12-23,0.0437499647947445
2013-12-24,0.0322983761130216
2013-12-25,0.0255262854244403
2013-12-26,0.0229956348357054
2013-12-27,0.0214536680578
2013-12-28,0.02003086391212
2013-12-29,0.0377234606586081
2013-12-30,0.0321978605535242
2013-12-31,0.0270344224100673
2014-01-01,0.0237533718379516
2014-01-02,0.022360992411708
2014-01-03,0.0264415102621469
2014-01-04,0.0221668523401633
2014-01-05,0.0212133535007404
2014-01-06,0.0238456829811617
2014-01-07,0.0407172692992813
2014-01-08,0.0330224928772764
2014-01-09,0.020837460060468
2014-01-10,0.022088974033192
2014-01-11,0.0337217415899725
2014-01-12,0.0342460427927888
2014-01-13,0.0274063123583767
2014-01-14,0.0263081830317231
2014-01-15,0.0252645361553244
2014-01-16,0.0243733228833662
2014-01-17,0.0234063999681187
2014-01-18,0.0241901692333098
2014-01-19,0.0226705403048248
2014-01-20,0.0217746617855109
2014-01-21,0.0226635281577975
2014-01-22,0.0257417168181491
2014-01-23,0.0259875690525977
2014-01-24,0.0503937275126534
2014-01-25,0.0414744194161592
2014-01-26,0.0216465084500723
2014-01-27,0.0221641241596099
2014-01-28,0.0245251598004166
2014-01-29,0.0249279637428091
2014-01-30,0.0297748022412504
2014-01-31,0.020704086477604
2014-02-01,0.0195072480391181
2014-02-02,0.0195914797862386
2014-02-03,0.0440244321491922
2014-02-04,0.0322667696276226
2014-02-05,0.0278521768198588
2014-02-06,0.0264206649418058
2014-02-07,0.0245650535868076
2014-02-08,0.0233709370559979
2014-02-09,0.0226564369749629
2014-02-10,0.0230631188960485
2014-02-11,0.022618892534286
2014-02-12,0.030876570198455
2014-02-13,0.0769905860584269
2014-02-14,0.0262051157164078
2014-02-15,0.0241435085093958
2014-02-16,0.0226870519896785
2014-02-17,0.0214743030061193
2014-02-18,0.0220736429958466
2014-02-19,0.0292474995671557
2014-02-20,0.0306639970050408
2014-02-21,0.0500918419150625
2014-02-22,0.0396612132355148
2014-02-23,0.0317796867262037
2014-02-24,0.0283591332994624
2014-02-25,0.0267284646953986
2014-02-26,0.0262916273547118
2014-02-27,0.0259538069336879
2014-02-28,0.0246837289321792
2014-03-01,0.0235213310941868
2014-03-02,0.0238265426681199
2014-03-03,0.0362007171830681
2014-03-04,0.0314822123813175
2014-03-05,0.0281392050023027
2014-03-06,0.0262203162615773
2014-03-07,0.0268520083110171
2014-03-08,0.018244447932938
2014-03-09,0.0128079398579079
2014-03-10,0.0124267052238066
2014-03-11,0.0122348011417927
2014-03-12,0.0125391302817234
2014-03-13,0.0129217249195352
2014-03-14,0.0109854326104646
2014-03-15,0.010504301201647
2014-03-16,0.0114255503869678
2014-03-17,0.0120730840214065
2014-03-18,0.0122453939004582
2014-03-19,0.0128523735829534
2014-03-20,0.012369159289085
2014-03-21,0.115769459220455
2014-03-22,0.219169759151825
2014-03-23,0.198075710531647
2014-03-24,0.176981661911468
2014-03-25,0.155887613291289
2014-03-26,0.122282784912247
2014-03-27,0.138796483472091
2014-03-28,0.155310182031935
2014-03-29,0.171823880591779
2014-03-30,0.188337579151623
2014-03-31,0.204851277711467
2014-04-01,0.221364976271311
2014-04-02,0.237878674831155
2014-04-03,0.254392373390999
2014-04-04,0.270906071950843
2014-04-05,0.390713760354583
2014-04-06,0.146404556731398
2014-04-07,0.133861562103143
2014-04-08,0.143929514246431
2014-04-09,0.15399746638972
2014-04-10,0.164065418533008
2014-04-11,0.162826456973001
2014-04-12,0.161587495412993
2014-04-13,0.160348533852986
2014-04-14,0.159109572292978
2014-04-15,0.157870610732971
2014-04-16,0.156631649172963
2014-04-17,0.155392687612956
2014-04-18,0.154153726052948
2014-04-19,0.152914764492941
2014-04-20,0.151675802932933
2014-04-21,0.150436841372925
2014-04-22,0.149197879812918
2014-04-23,0.14795891825291
2014-04-24,0.159848097720396
2014-04-25,0.154049997320459
2014-04-26,0.144455589937269
2014-04-27,0.155137466774929
2014-04-28,0.119457446462302
2014-04-29,0.0960327943544746
2014-04-30,0.0970382249710319
2014-05-01,0.0974713430297603
2014-05-02,0.09271128845536
2014-05-03,0.0916264500192061
2014-05-04,0.0917550757873017
2014-05-05,0.0908671947598823
2014-05-06,0.0924252699291955
2014-05-07,0.0934314528114706
2014-05-08,0.0942475103104082
2014-05-09,0.0942055486030011
2014-05-10,0.0932941448621216
2014-05-11,0.0924419061761603
2014-05-12,0.0928691254826084
2014-05-13,0.0937516015793475
2014-05-14,0.0922159919245089
2014-05-15,0.105294354189892
2014-05-16,0.106811287099853
2014-05-17,0.0972103280274992
2014-05-18,0.0951464872619077
2014-05-19,0.0940874130708809
2014-05-20,0.0937249445394543
2014-05-21,0.0947865630011456
2014-05-22,0.0938793913358178
2014-05-23,0.0926956370951306
2014-05-24,0.0921031567376116
2014-05-25,0.0919295061230907
2014-05-26,0.0934856481382508
2014-05-27,0.0967043631781722
2014-05-28,0.0979103982294066
2014-05-29,0.0966896834674988
2014-05-30,0.0972822631968667
2014-05-31,0.0971765246993108
2014-06-01,0.0961649142938103
2014-06-02,0.0974439256632679
2014-06-03,0.0979396720942058
2014-06-04,0.10036065415873
2014-06-05,0.0990826635623565
2014-06-06,0.0967541616683036
2014-06-07,0.0953853997547393
2014-06-08,0.0950823866003115
2014-06-09,0.0949207803727755
2014-06-10,0.0955174037689328
2014-06-11,0.0987996600699305
2014-06-12,0.0980004875069078
2014-06-13,0.0958951167788673
2014-06-14,0.0952146403979062
2014-06-15,0.0930949445664705
2014-06-16,0.0938150454906645
2014-06-17,0.0951599536865833
2014-06-18,0.0952161392185365
2014-06-19,0.0946665044047162
2014-06-20,0.0950113397951526
2014-06-21,0.0948701847600327
2014-06-22,0.0916061615240621
2014-06-23,0.0898294380711765
2014-06-24,0.0921907670162058
2014-06-25,0.09437966422151
2014-06-26,0.094060250755445
2014-06-27,0.0942782540362933
2014-06-28,0.0945257196024475
2014-06-29,0.0944802616021422
2014-06-30,0.0944926243293671
2014-07-01,0.0947088813374689
2014-07-02,0.0956760361031036
2014-07-03,0.109286749404253
2014-07-04,0.0997254372330408
2014-07-05,0.0956733906140189
2014-07-06,0.0947915670945026
2014-07-07,0.0949839124155756
2014-07-08,0.0950736645520715
2014-07-09,0.0958107177054334
2014-07-10,0.0952648948502793
2014-07-11,0.0956476589054153
2014-07-12,0.0940757807191417
2014-07-13,0.0938247066055795
2014-07-14,0.0939735856093291
2014-07-15,0.0943071343305342
2014-07-16,0.0926648001279869
2014-07-17,0.092216706482026
2014-07-18,0.0910289555012387
2014-07-19,0.0911807999485196
2014-07-20,0.0917757385171443
2014-07-21,0.0922663293272652
2014-07-22,0.0885624532000934
2014-07-23,0.0863431275074856
2014-07-24,0.0914946956346935
2014-07-25,0.0965651986840314
2014-07-26,0.0873332334561334
2014-07-27,0.0870574658322757
2014-07-28,0.0858867394171361
2014-07-29,0.0853879512943821
2014-07-30,0.085481206404547
2014-07-31,0.0859954396073548
2014-08-01,0.0871590570348676
2014-08-02,0.0866154868196703
2014-08-03,0.0865082728300201
2014-08-04,0.0853855697264242
2014-08-05,0.0851528146461764
2014-08-06,0.0853750368631988
2014-08-07,0.084752944745523
2014-08-08,0.0856464739003272
2014-08-09,0.0964875152658137
2014-08-10,0.0914719503977704
2014-08-11,0.09726598170749
2014-08-12,0.116277726191037
2014-08-13,0.0962862245793871
2014-08-14,0.0898491549920433
2014-08-15,0.0889674572619474
2014-08-16,0.0883923164052368
2014-08-17,0.0886029907787275
2014-08-18,0.0899219399541015
2014-08-19,0.0888107230173594
2014-08-20,0.085894634458352
2014-08-21,0.0853724252985882
2014-08-22,0.0823407860225267
2014-08-23,0.0772980621741652
2014-08-24,0.09937535214609
2014-08-25,0.0903177732572541
2014-08-26,0.0860887638590733
2014-08-27,0.0832954418466684
2014-08-28,0.0748144506367056
2014-08-29,0.0526222502937204
2014-08-30,0.049678486458284
2014-08-31,0.0471626849297649
2014-09-01,0.0449037417839256
2014-09-02,0.0444082944997249
2014-09-03,0.045845935495697
2014-09-04,0.0465023281732602
2014-09-05,0.0462918683017988
2014-09-06,0.0468311170284784
2014-09-07,0.0464912564768187
2014-09-08,0.0452617387658279
2014-09-09,0.0444136864750072
2014-09-10,0.0435755057972939
2014-09-11,0.0433478102613795
2014-09-12,0.0442134631455755
2014-09-13,0.0443903609174976
2014-09-14,0.0413713870341188
2014-09-15,0.0411057761806467
2014-09-16,0.0401979049941663
2014-09-17,0.0386940582756754
2014-09-18,0.0353528528259325
2014-09-19,0.0345136543802724
2014-09-20,0.0334333501730679
2014-09-21,0.0313198085270343
2014-09-22,0.0283219118602077
2014-09-23,0.0267038456130065
2014-09-24,0.0263435057698223
2014-09-25,0.0259270342203978
2014-09-26,0.0249945304308695
2014-09-27,0.0245945059040753
2014-09-28,0.0237753465545271
2014-09-29,0.0236034291601764
2014-09-30,0.0238786738252801
2014-10-01,0.0230036431244574
2014-10-02,0.0226493959686286
2014-10-03,0.023040746990591
2014-10-04,0.0227738760944465
2014-10-05,0.0216000160119575
2014-10-06,0.020807190201386
2014-10-07,0.0241679231918847
2014-10-08,0.0284608304180628
2014-10-09,0.0254404084504719
2014-10-10,0.0245267903067529
2014-10-11,0.0250306092542036
2014-10-12,0.0305160511246814
2014-10-13,0.0315202797994926
2014-10-14,0.0341912116613502
2014-10-15,0.0532367252084316
2014-10-16,0.0429048752536323
2014-10-17,0.0392070735580915
2014-10-18,0.0372232531760717
2014-10-19,0.0364353983807738
2014-10-20,0.0351637657982257
2014-10-21,0.0314428329722953
2014-10-22,0.0302097355329897
2014-10-23,0.0267793141601977
2014-10-24,0.0208614867141026
2014-10-25,0.0201437227214153
2014-10-26,0.0158442692313274
2014-10-27,0.0089789912654017
2014-10-28,0.00818801301047118
2014-10-29,0.00657883260912873
2014-10-30,0.00581180385154116
2014-10-31,0.00613426347065047
2014-11-01,0.00964503011585987
2014-11-02,0.00603742065929038
2014-11-03,0.00517537695460018
2014-11-04,0.00501035873002909
2014-11-05,0.00471298466325077
2014-11-06,0.00514058896015285
2014-11-07,0.00495455873112986
2014-11-08,0.00541303293388866
2014-11-09,0.00549735143263122
2014-11-10,0.00549666259407609
2014-11-11,0.00544064799103733
2014-11-12,0.00531272348961885
2014-11-13,0.00489125343666478
2014-11-14,0.00567548712818732
2014-11-15,0.00546521331777886
2014-11-16,0.00508011192480631
2014-11-17,0.00919833164643541
2014-11-18,0.00759412927255694
2014-11-19,0.00634181475187634
2014-11-20,0.00592776050422771
2014-11-21,0.00637469931739828
2014-11-22,0.00640337884580671
2014-11-23,0.00814368608490633
2014-11-24,0.0124175870835614
2014-11-25,0.00782755618901399
2014-11-26,0.0218954401136514
2014-11-27,0.0150854933332394
2014-11-28,0.0111034426494172
2014-11-29,0.00899396754954366
2014-11-30,0.00786201364369615
2014-12-01,0.00712130188059608
2014-12-02,0.013412938905491
2014-12-03,0.0116149885450395
2014-12-04,0.0105004129171036
2014-12-05,0.0110521240220731
2014-12-06,0.0112903000248547
2014-12-07,0.0116617836084933
2014-12-08,0.0112573057285993
2014-12-09,0.0119382073668736
2014-12-10,0.0117890227823855
2014-12-11,0.0121203768088564
2014-12-12,0.0115786648976221
2014-12-13,0.0112941903769191
2014-12-14,0.0122638081792641
2014-12-15,0.011023829655034
2014-12-16,0.0105681151393921
2014-12-17,0.0100271608553581
2014-12-18,0.0147389486469538
2014-12-19,0.0152232750481102
2014-12-20,0.0148931043678122
2014-12-21,0.014435789021613
2014-12-22,0.0154587816090496
2014-12-23,0.0161790193256868
2014-12-24,0.0226451000385972
2014-12-25,0.0223359888596527
2014-12-26,0.0208525280108279
2014-12-27,0.0200206886832922
2014-12-28,0.0194749445810679
2014-12-29,0.0214313706500356
2014-12-30,0.0315858350574834
2014-12-31,0.0891132111406863
2015-01-01,0.0886080888196634
2015-01-02,0.0871456053413877
2015-01-03,0.0877129091880131
2015-01-04,0.08785734564298
2015-01-05,0.0877144968878629
2015-01-06,0.0863851767878626
2015-01-07,0.0889553836739059
2015-01-08,0.0887947308193231
2015-01-09,0.0844498429391171
2015-01-10,0.0854737516926429
2015-01-11,0.0834754037200493
2015-01-12,0.0841797632654961
2015-01-13,0.0835173229970433
2015-01-14,0.0840714668659461
2015-01-15,0.0836801626724353
2015-01-16,0.0829050654971591
2015-01-17,0.0820170245207093
2015-01-18,0.0813572668328292
2015-01-19,0.081287444227487
2015-01-20,0.0815946210402168
2015-01-21,0.0806882452524525
2015-01-22,0.0812374439041298
2015-01-23,0.0824734880052981
2015-01-24,0.0842590827119298
2015-01-25,0.0817439733819945
2015-01-26,0.0823358477473905
2015-01-27,0.0842055279033616
2015-01-28,0.0793397278929066
2015-01-29,0.0628431191454384
2015-01-30,0.0561972352107859
2015-01-31,0.049940586868777
2015-02-01,0.0427808845018495
2015-02-02,0.0449909996422015
2015-02-03,0.0452563168683458
2015-02-04,0.0386691540994573
2015-02-05,0.0405728532446379
2015-02-06,0.0367013050067996
2015-02-07,0.0318910006467337
2015-02-08,0.0306053034140126
2015-02-09,0.0303164242398962
2015-02-10,0.0318316566909523
2015-02-11,0.0308397418161577
2015-02-12,0.0309561673440556
2015-02-13,0.0328136297846565
2015-02-14,0.0303365208905465
2015-02-15,0.0422583643176786
2015-02-16,0.0374954619078197
2015-02-17,0.0423742412474435
2015-02-18,0.032562520284267
2015-02-19,0.0349389944487107
2015-02-20,0.030389170763447
2015-02-21,0.0335152510694065
2015-02-22,0.0380153577884239
2015-02-23,0.0368348481199056
2015-02-24,0.035170546057206
2015-02-25,0.0332300727685133
2015-02-26,0.0335764419027963
2015-02-27,0.0330251350839726
2015-02-28,0.0327249910789662
2015-03-01,0.0319710715695143
2015-03-02,0.0352255881630637
2015-03-03,0.0350880250198104
2015-03-04,0.0438057824429379
2015-03-05,0.0865869923065652
2015-03-06,0.0976169353872814
2015-03-07,0.0902906221097109
2015-03-08,0.086986088648007
2015-03-09,0.0863965211766295
2015-03-10,0.084889132927045
2015-03-11,0.0838658665248196
2015-03-12,0.080869617647253
2015-03-13,0.0780216421187419
2015-03-14,0.0829911230058252
2015-03-15,0.0841095717390215
2015-03-16,0.0795917143687319
2015-03-17,0.0769681838578838
2015-03-18,0.0710726462531771
2015-03-19,0.0644597416444671
2015-03-20,0.0733575577133904
2015-03-21,0.0693582297347429
2015-03-22,0.0630306104846928
2015-03-23,0.0573104793710194
2015-03-24,0.0543601970824052
2015-03-25,0.052854585962812
2015-03-26,0.0562905778249792
2015-03-27,0.0912473990529124
2015-03-28,0.0911431199640851
2015-03-29,0.0836262997865077
2015-03-30,0.0795061947413157
2015-03-31,0.0782676646145458
2015-04-01,0.0679923360897946
2015-04-02,0.0619055754060524
2015-04-03,0.0593770975322214
2015-04-04,0.0584443836503104
2015-04-05,0.0511062094414686
2015-04-06,0.0455984180365344
2015-04-07,0.0507372044733554
2015-04-08,0.052330693399798
2015-04-09,0.0644955499088156
2015-04-10,0.0634044136423368
2015-04-11,0.0585073855405988
2015-04-12,0.0537896019211617
2015-04-13,0.0530178550140223
2015-04-14,0.0616696449780133
2015-04-15,0.0725482367694247
2015-04-16,0.0715142443079799
2015-04-17,0.0728920362886454
2015-04-18,0.069971950584728
2015-04-19,0.0771900295969297
2015-04-20,0.122626311800051
2015-04-21,0.0959113879051611
2015-04-22,0.0912098335815695
2015-04-23,0.0885798101125894
2015-04-24,0.087414326812668
2015-04-25,0.0873414117502005
2015-04-26,0.0882827004672496
2015-04-27,0.0871405757762941
2015-04-28,0.0852737496071836
2015-04-29,0.083924849257974
2015-04-30,0.0830632416201798
2015-05-01,0.0863967426439873
2015-05-02,0.0835115682001874
2015-05-03,0.081217170272955
2015-05-04,0.0792283261520963
2015-05-05,0.0778739583635716
2015-05-06,0.074339448269451
2015-05-07,0.0714834306318523
2015-05-08,0.0687447582857716
2015-05-09,0.0645863112236261
2015-05-10,0.0612683235970168
2015-05-11,0.0591938807806359
2015-05-12,0.0566397683358583
2015-05-13,0.0518589200730668
2015-05-14,0.047994127565219
2015-05-15,0.0464203559643524
2015-05-16,0.0468640257043449
2015-05-17,0.0457396406248951
2015-05-18,0.0498943040416075
2015-05-19,0.0519510202962518
2015-05-20,0.0475092153764037
2015-05-21,0.0456774797628789
2015-05-22,0.0445537937429133
2015-05-23,0.0416907725168332
2015-05-24,0.0402449050037564
2015-05-25,0.0385191134667024
2015-05-26,0.0373408109558576
2015-05-27,0.0362602998402627
2015-05-28,0.0349033496656061
2015-05-29,0.0334634331838567
2015-05-30,0.0325464688809337
2015-05-31,0.0329072991357934
2015-06-01,0.037425881331959
2015-06-02,0.0451723784562401
2015-06-03,0.0608423567806455
2015-06-04,0.0609541042527239
2015-06-05,0.0586721694373103
2015-06-06,0.0541996484435659
2015-06-07,0.0488968859771282
2015-06-08,0.0612072974099135
2015-06-09,0.0687936950775829
2015-06-10,0.0617042010470311
2015-06-11,0.0556605570893507
2015-06-12,0.0508424903435285
2015-06-13,0.048516353426141
2015-06-14,0.0468192963611762
2015-06-15,0.0448391636463382
2015-06-16,0.0418614264363759
2015-06-17,0.0434136080052913
2015-06-18,0.0535317911178827
2015-06-19,0.0515054303653311
2015-06-20,0.0470702041627288
2015-06-21,0.0447314786895007
2015-06-22,0.0408767932645198
2015-06-23,0.0380691697251578
2015-06-24,0.0328219424080934
2015-06-25,0.029014447345063
2015-06-26,0.0291204192000042
2015-06-27,0.0349825449288029
2015-06-28,0.0321463891959134
2015-06-29,0.0278100747858589
2015-06-30,0.0269477023411173
2015-07-01,0.0275458844337083
2015-07-02,0.0259851373556137
2015-07-03,0.0257665567353992
2015-07-04,0.0274177040732259
2015-07-05,0.0291119999781863
2015-07-06,0.0446266622039287
2015-07-07,0.0435886458044267
2015-07-08,0.040585892472286
2015-07-09,0.0389723543460514
2015-07-10,0.033134657482371
2015-07-11,0.0310745064399863
2015-07-12,0.0284541021140786
2015-07-13,0.0720348124294218
2015-07-14,0.0689036516961987
2015-07-15,0.0569916002320573
2015-07-16,0.0469856981505544
2015-07-17,0.0424958517052007
2015-07-18,0.0416866322710942
2015-07-19,0.0412325876854045
2015-07-20,0.0379919220866375
2015-07-21,0.0331333348727215
2015-07-22,0.0284623301882075
2015-07-23,0.0253340731318311
2015-07-24,0.0240776168476821
2015-07-25,0.0227167331641767
2015-07-26,0.0214704609115516
2015-07-27,0.0203669285320352
2015-07-28,0.0256629168810682
2015-07-29,0.0257215951015379
2015-07-30,0.0244428678487585
2015-07-31,0.0219603038856159
2015-08-01,0.0198549865488973
2015-08-02,0.0177676225210376
2015-08-03,0.0164082173763902
2015-08-04,0.0154179944158161
2015-08-05,0.0144477345353567
2015-08-06,0.0133717923957169
2015-08-07,0.0134231154636385
2015-08-08,0.0128848585801534
2015-08-09,0.0118948833367017
2015-08-10,0.014545781867458
2015-08-11,0.0262981828428336
2015-08-12,0.0228371745833012
2015-08-13,0.0213821271996776
2015-08-14,0.0201472705579323
2015-08-15,0.0192026930959641
2015-08-16,0.0183285836060811
2015-08-17,0.0171838842350168
2015-08-18,0.0160717067585255
2015-08-19,0.0162006178295415
2015-08-20,0.0157358412767913
2015-08-21,0.0142691107534448
2015-08-22,0.0129454443470826
2015-08-23,0.0121492047227258
2015-08-24,0.0116903129811078
2015-08-25,0.00956444982991367
2015-08-26,0.0106048456962877
2015-08-27,0.0117377699929255
2015-08-28,0.0111165629747823
2015-08-29,0.0103854837350456
2015-08-30,0.0098992452247905
2015-08-31,0.00964382910972289
2015-09-01,0.00935805808729987
2015-09-02,0.00872746875800589
2015-09-03,0.00806080054719731
2015-09-04,0.0137597839971647
2015-09-05,0.0162991558615136
2015-09-06,0.0154769034854155
2015-09-07,0.0144565223812537
2015-09-08,0.0136949358215299
2015-09-09,0.0127770280586952
2015-09-10,0.0122692847091346
2015-09-11,0.0117247731838542
2015-09-12,0.0106024993821115
2015-09-13,0.00912623847079245
2015-09-14,0.00726624346139514
2015-09-15,0.00618797830824639
2015-09-16,0.0055692720621101
2015-09-17,0.0052252597693573
2015-09-18,0.00478340793684369
2015-09-19,0.00433720032037672
2015-09-20,0.00378825828727666
2015-09-21,0.0169442497844517
2015-09-22,0.0255493619639421
2015-09-23,0.0213186704792889
2015-09-24,0.0198046339744171
2015-09-25,0.0187703698917032
2015-09-26,0.0337919318952193
2015-09-27,0.0643572657782567
2015-09-28,0.0656901530860587
2015-09-29,0.122542356810327
2015-09-30,0.0910647483027019
2015-10-01,0.0781941775158059
2015-10-02,0.085087216856843
2015-10-03,0.104507651727496
2015-10-04,0.0920811276099083
2015-10-05,0.0819674600656353
2015-10-06,0.0764604765276257
2015-10-07,0.0753344043881983
2015-10-08,0.0745855196649682
2015-10-09,0.0745925220092356
2015-10-10,0.0743794390988562
2015-10-11,0.0745585230905186
2015-10-12,0.0744448836569883
2015-10-13,0.0741559160310404
2015-10-14,0.0737822979113232
2015-10-15,0.0775642278161621
2015-10-16,0.0783248765150287
2015-10-17,0.0784779530380842
2015-10-18,0.0789033353119228
2015-10-19,0.0763862366505624
2015-10-20,0.0737437815302541
2015-10-21,0.0670396414491005
2015-10-22,0.0603889044301876
2015-10-23,0.0521161513168806
2015-10-24,0.0430038832135304
2015-10-25,0.0396244914351626
2015-10-26,0.0354464567407367
2015-10-27,0.04104979933723
2015-10-28,0.100615039504084
2015-10-29,0.085359777629892
2015-10-30,0.0754435813468602
2015-10-31,0.0775065966938694
2015-11-01,0.0782167669211565
2015-11-02,0.0741186899150448
2015-11-03,0.0734897434343217
2015-11-04,0.0680108788875707
2015-11-05,0.0661870160204779
2015-11-06,0.0612445514161733
2015-11-07,0.058076116447215
2015-11-08,0.0523090413184787
2015-11-09,0.0575934337595532
2015-11-10,0.0797189081840227
2015-11-11,0.0753806414582848
2015-11-12,0.0711581239973017
2015-11-13,0.0681945866216957
2015-11-14,0.0625305287047769
2015-11-15,0.0552179819404311
2015-11-16,0.0506221223887527
2015-11-17,0.0472767449904826
2015-11-18,0.0473817178143024
2015-11-19,0.0937994444509064
2015-11-20,0.0880023757693503
2015-11-21,0.0822306476950616
2015-11-22,0.0790835202167828
2015-11-23,0.0761096151148098
2015-11-24,0.0724094863642983
2015-11-25,0.0694313465737811
2015-11-26,0.0601308567767956
2015-11-27,0.0568672050263393
2015-11-28,0.0534092695368726
2015-11-29,0.0508517758789606
2015-11-30,0.0567313279012834
2015-12-01,0.0904062630532688
2015-12-02,0.0975276187671799
2015-12-03,0.0903520151388061
2015-12-04,0.0851635873989751
2015-12-05,0.0822875646960302
2015-12-06,0.0809763686805313
2015-12-07,0.0809491957677327
2015-12-08,0.0796367396139491
2015-12-09,0.0768522820422504
2015-12-10,0.0761924236971423
2015-12-11,0.0741421564992023
2015-12-12,0.0720869398398755
2015-12-13,0.0687272686409348
2015-12-14,0.0670567154792677
2015-12-15,0.067527425663934
2015-12-16,0.0632598295090825
2015-12-17,0.0682978730309996
2015-12-18,0.0718406656788301
2015-12-19,0.0677422289671754
2015-12-20,0.0632646184921997
2015-12-21,0.0605766236575416
2015-12-22,0.0606777798184175
2015-12-23,0.0686215710082533
2015-12-24,0.0848171221936904
2015-12-25,0.0848083338994677
2015-12-26,0.0807398890292978
2015-12-27,0.0802819090598445
2015-12-28,0.078998464050915
2015-12-29,0.0844032655831188
2015-12-30,0.0825944779809222
2015-12-31,0.0820253023218849
2016-01-01,0.0816452905887804
2016-01-02,0.0818286171434338
2016-01-03,0.0798527296524265
2016-01-04,0.0803803358862461
2016-01-05,0.0765266123429005
2016-01-06,0.0722288183028039
2016-01-07,0.0682546166360394
2016-01-08,0.0662268324890292
2016-01-09,0.0660101167958861
2016-01-10,0.079403879260301
2016-01-11,0.0932397692578478
2016-01-12,0.0931847991145187
2016-01-13,0.0931298289711895
2016-01-14,0.0930748588278604
2016-01-15,0.0930198886845312
2016-01-16,0.0929649185412021
2016-01-17,0.0929099483978729
2016-01-18,0.0928549782545438
2016-01-19,0.0928000081112146
2016-01-20,0.0927450379678855
2016-01-21,0.0926900678245563
2016-01-22,0.0926350976812272
2016-01-23,0.092580127537898
2016-01-24,0.0925251573945689
2016-01-25,0.0924701872512397
2016-01-26,0.0924152171079106
2016-01-27,0.0923602469645814
2016-01-28,0.0923052768212523
2016-01-29,0.0922503066779232
2016-01-30,0.092195336534594
2016-01-31,0.0921403663912649
2016-02-01,0.0920853962479357
2016-02-02,0.0920304261046066
2016-02-03,0.0919754559612774
2016-02-04,0.0919204858179483
2016-02-05,0.0918655156746191
2016-02-06,0.09181054553129
2016-02-07,0.0917555753879608
2016-02-08,0.0917006052446317
2016-02-09,0.0916456351013025
2016-02-10,0.0915906649579734
2016-02-11,0.0915356948146442
2016-02-12,0.0914807246713151
2016-02-13,0.0914257545279859
2016-02-14,0.0913707843846568
2016-02-15,0.0913158142413276
2016-02-16,0.0912608440979985
2016-02-17,0.0912058739546694
2016-02-18,0.0911509038113402
2016-02-19,0.0910959336680111
2016-02-20,0.0910409635246819
2016-02-21,0.0909859933813528
2016-02-22,0.0909310232380236
2016-02-23,0.0908760530946945
2016-02-24,0.0908210829513653
2016-02-25,0.0907661128080362
2016-02-26,0.090711142664707
2016-02-27,0.0906561725213779
2016-02-28,0.0906012023780487
2016-02-29,0.0905462322347196
2016-03-01,0.0904912620913905
2016-03-02,0.0904362919480613
2016-03-03,0.0903813218047322
2016-03-04,0.090326351661403
2016-03-05,0.0902713815180739
2016-03-06,0.0902164113747447
2016-03-07,0.0901614412314156
2016-03-08,0.0901064710880864
2016-03-09,0.0900515009447573
2016-03-10,0.0899965308014281
2016-03-11,0.089941560658099
2016-03-12,0.0898865905147698
2016-03-13,0.0898316203714407
2016-03-14,0.0897766502281115
2016-03-15,0.0897216800847824
2016-03-16,0.0896667099414532
2016-03-17,0.0896117397981241
2016-03-18,0.0895567696547949
2016-03-19,0.0895017995114658
2016-03-20,0.0894468293681367
2016-03-21,0.0893918592248075
2016-03-22,0.0893368890814784
2016-03-23,0.0892819189381492
2016-03-24,0.0890745839598508
2016-03-25,0.0884244699075264
2016-03-26,0.0875513735570429
2016-03-27,0.0874695565845959
2016-03-28,0.0894145672426824
2016-03-29,0.0886091163847974
2016-03-30,0.0877875471788069
2016-03-31,0.086647959218088
2016-04-01,0.0894490952186303
2016-04-02,0.0880912123572116
2016-04-03,0.08728872477431
2016-04-04,0.0868467561571052
2016-04-05,0.0870874307505546
2016-04-06,0.086791208773444
2016-04-07,0.0882534159992761
2016-04-08,0.0866867099212931
2016-04-09,0.0885236861468934
2016-04-10,0.0868469121947632
2016-04-11,0.0856813867135734
2016-04-12,0.0852593339295209
2016-04-13,0.0854105759614806
2016-04-14,0.0859063983295088
2016-04-15,0.0848831072454284
2016-04-16,0.0849772982058108
2016-04-17,0.0848681790426787
2016-04-18,0.0841102862273611
2016-04-19,0.0801028300894682
2016-04-20,0.0767718714767471
2016-04-21,0.0759708290098232
2016-04-22,0.0781456703859731
2016-04-23,0.0774975992371483
2016-04-24,0.0748636526945037
2016-04-25,0.0742857080243692
2016-04-26,0.0737470652811551
2016-04-27,0.0722863064345957
2016-04-28,0.0707324512118676
2016-04-29,0.0691903394878296
2016-04-30,0.0657228930170622
2016-05-01,0.0818290679184349
2016-05-02,0.0810672450868441
2016-05-03,0.080998900824972
2016-05-04,0.0757329614314345
2016-05-05,0.0833517816952308
2016-05-06,0.0829193574305261
2016-05-07,0.0778439850344923
2016-05-08,0.0747557693048162
2016-05-09,0.0726469057342723
2016-05-10,0.0715785346318476
2016-05-11,0.0763406094504262
2016-05-12,0.0757223051753724
2016-05-13,0.0746748017159522
2016-05-14,0.0727529793830007
2016-05-15,0.0703143888822994
2016-05-16,0.0675202439629084
2016-05-17,0.0669107015867986
2016-05-18,0.0660063683910264
2016-05-19,0.0638709645335515
2016-05-20,0.059299032216368
2016-05-21,0.0783783605231357
2016-05-22,0.0831488848922033
2016-05-23,0.0769892450477341
2016-05-24,0.0734733736074962
2016-05-25,0.0708761778862742
2016-05-26,0.0700078131859002
2016-05-27,0.0688368616042292
2016-05-28,0.0667602826165527
2016-05-29,0.0655009914302798
2016-05-30,0.0681993831095699
2016-05-31,0.0678191938063511
2016-06-01,0.064320541167551
2016-06-02,0.0592546886361337
2016-06-03,0.0549933857841124
2016-06-04,0.0521857136995983
2016-06-05,0.056621783880172
2016-06-06,0.0521880376628032
2016-06-07,0.0455340996353687
2016-06-08,0.0388112965889709
2016-06-09,0.0367222704714091
2016-06-10,0.0352939173979208
2016-06-11,0.0353929149539837
2016-06-12,0.034126387813805
2016-06-13,0.0310059892842266
2016-06-14,0.0284071074006583
2016-06-15,0.035348477914547
2016-06-16,0.0509207435908828
2016-06-17,0.0619228208377522
2016-06-18,0.0527865274419527
2016-06-19,0.0435622687745731
2016-06-20,0.0400732584367673
2016-06-21,0.0395728636068282
2016-06-22,0.0378243228938994
2016-06-23,0.048723020037061
2016-06-24,0.0688989520702192
2016-06-25,0.0619362155519259
2016-06-26,0.0558867338513047
2016-06-27,0.0506851290453405
2016-06-28,0.0472475266432131
2016-06-29,0.0401748812674752
2016-06-30,0.0379412243540277
2016-07-01,0.0366477204833466
2016-07-02,0.0375134377165924
2016-07-03,0.0512254803874188
2016-07-04,0.0526873676016869
2016-07-05,0.0603402204874741
2016-07-06,0.0513051214290299
2016-07-07,0.0438618289672299
2016-07-08,0.043405515924252
2016-07-09,0.0421319626326063
2016-07-10,0.037274641318067
2016-07-11,0.0347201062588223
2016-07-12,0.0454731054472741
2016-07-13,0.0478023323176482
2016-07-14,0.0928801323751205
2016-07-15,0.145912857483153
2016-07-16,0.142911710244577
2016-07-17,0.140230203978071
2016-07-18,0.139113203835932
2016-07-19,0.134445844390372
2016-07-20,0.129403575245014
2016-07-21,0.123200355896527
2016-07-22,0.119861737172544
2016-07-23,0.11732600437337
2016-07-24,0.115234282516572
2016-07-25,0.11633023598492
2016-07-26,0.117887157044717
2016-07-27,0.123682021825621
2016-07-28,0.129113262761827
2016-07-29,0.138571425006927
2016-07-30,0.135409093109537
2016-07-31,0.139025815616287
2016-08-01,0.137957862551657
2016-08-02,0.132971589796661
2016-08-03,0.134685982210779
2016-08-04,0.139040055871541
2016-08-05,0.142894493962814
2016-08-06,0.144812882500031
2016-08-07,0.138602416166888
2016-08-08,0.138913852008651
2016-08-09,0.137888676530235
2016-08-10,0.145619901713802
2016-08-11,0.139605911300235
2016-08-12,0.135810723061266
2016-08-13,0.132206609543308
2016-08-14,0.127607702389263
2016-08-15,0.125991880419286
2016-08-16,0.127787702546698
2016-08-17,0.126443123065788
2016-08-18,0.120966562398755
2016-08-19,0.117460432829429
2016-08-20,0.115568354252987
2016-08-21,0.11562063839346
2016-08-22,0.110999379971315
2016-08-23,0.108086958655427
2016-08-24,0.10673653815585
2016-08-25,0.107064050204224
2016-08-26,0.105880050020328
2016-08-27,0.104049943570048
2016-08-28,0.101902054310544
2016-08-29,0.0990512324816732
2016-08-30,0.097786142037599
2016-08-31,0.0979380798230729
2016-09-01,0.104645657300226
2016-09-02,0.099966275725972
2016-09-03,0.0969944042640807
2016-09-04,0.0953186540555547
2016-09-05,0.0940055164528387
2016-09-06,0.0928273558284111
2016-09-07,0.0908120284527413
2016-09-08,0.0895620712787335
2016-09-09,0.0877054956659279
2016-09-10,0.0865744898625141
2016-09-11,0.0843193758690186
2016-09-12,0.0811004153444085
2016-09-13,0.0799422209297476
2016-09-14,0.0803274103618199
2016-09-15,0.0769761542812502
2016-09-16,0.0756540696545046
2016-09-17,0.0756395468688088
2016-09-18,0.0758185896792055
2016-09-19,0.138942811989607
2016-09-20,0.127021510454758
2016-09-21,0.120356517977902
2016-09-22,0.113380170830091
2016-09-23,0.109715504413919
2016-09-24,0.107052947181049
2016-09-25,0.103416731628705
2016-09-26,0.10693897962789
2016-09-27,0.125084761732183
2016-09-28,0.133032237795424
2016-09-29,0.212822857458503
2016-09-30,0.262089806091386
2016-10-01,0.200505306735187
2016-10-02,0.199046086786024
2016-10-03,0.189572979338699
2016-10-04,0.188656461219473
2016-10-05,0.187327122870794
2016-10-06,0.186856902399749
2016-10-07,0.216439420973038
2016-10-08,0.267203716722706
2016-10-09,0.217497561254032
2016-10-10,0.199068341266797
2016-10-11,0.194935508266205
2016-10-12,0.193266176591941
2016-10-13,0.192685832663909
2016-10-14,0.1901012413813
2016-10-15,0.188592680266924
2016-10-16,0.186262273714033
2016-10-17,0.186995945218733
2016-10-18,0.18832990376668
2016-10-19,0.190232878508469
2016-10-20,0.188584298181467
2016-10-21,0.187763582817908
2016-10-22,0.186637270201633
2016-10-23,0.185540043949399
2016-10-24,0.185093481353095
2016-10-25,0.18457141604482
2016-10-26,0.182940614667864
2016-10-27,0.183997087662089
2016-10-28,0.184056907561921
2016-10-29,0.18490896792714
2016-10-30,0.184001967921849
2016-10-31,0.18337418594823
2016-11-01,0.182634357008518
2016-11-02,0.18388111038403
2016-11-03,0.183900558366797
2016-11-04,0.184346241246949
2016-11-05,0.183880464399145
2016-11-06,0.183825855507362
2016-11-07,0.182601926606452
2016-11-08,0.18428285822486
2016-11-09,0.18502015741695
2016-11-10,0.184540418930083
2016-11-11,0.182657747301298
2016-11-12,0.177737769636515
2016-11-13,0.175230868703924
2016-11-14,0.168034700615548
2016-11-15,0.160444980364506
2016-11-16,0.152036269630495
2016-11-17,0.144974416478132
2016-11-18,0.140401366295551
2016-11-19,0.136303537339873
2016-11-20,0.140137664703455
2016-11-21,0.131471209520854
2016-11-22,0.12579758793749
2016-11-23,0.123102458291361
2016-11-24,0.12181043783278
2016-11-25,0.119204539203492
2016-11-26,0.117995471677864
2016-11-27,0.115469626416225
2016-11-28,0.114279244842246
2016-11-29,0.133139619378346
2016-11-30,0.143471060661098
2016-12-01,0.149402595022176
2016-12-02,0.142601438470008
2016-12-03,0.139243001825078
2016-12-04,0.135016175832275
2016-12-05,0.13802037797324
2016-12-06,0.162102289280109
2016-12-07,0.169913454747829
2016-12-08,0.155814640080774
2016-12-09,0.139978822219354
2016-12-10,0.124231449289272
2016-12-11,0.111736171183533
2016-12-12,0.107602925087473
2016-12-13,0.102509490821582
2016-12-14,0.0986066031326499
2016-12-15,0.09554854491752
2016-12-16,0.0894612301531233
2016-12-17,0.080600368180291
2016-12-18,0.0781642818279088
2016-12-19,0.074907973040364
2016-12-20,0.0715963534111002
2016-12-21,0.0666433727344515
2016-12-22,0.0646542058212859
2016-12-23,0.0630392088569944
2016-12-24,0.0704127816366066
2016-12-25,0.0657154011562261
2016-12-26,0.0650500293420509
2016-12-27,0.0644879206297121
2016-12-28,0.0636066475983259
2016-12-29,0.0663799461545732
2016-12-30,0.0653652948760918
2016-12-31,0.0645916208311063
2017-01-01,0.0630963416891053
2017-01-02,0.0641937197272727
2017-01-03,0.0789919104152594
2017-01-04,0.0738248761041017
2017-01-05,0.0708257362320892
2017-01-06,0.0693428352968566
2017-01-07,0.0709502697016618
2017-01-08,0.0882185835836417
2017-01-09,0.0940451760810395
2017-01-10,0.066429935176821
2017-01-11,0.0666402376935621
2017-01-12,0.0691224178879325
2017-01-13,0.0670965444214077
2017-01-14,0.0675451631276449
2017-01-15,0.0663888776295649
2017-01-16,0.0665089685272205
2017-01-17,0.0670955105710987
2017-01-18,0.0666460212549901
2017-01-19,0.0650706372327415
2017-01-20,0.0682743450763374
2017-01-21,0.0680495847628154
2017-01-22,0.0709155612728396
2017-01-23,0.127450319969458
2017-01-24,0.121271474895375
2017-01-25,0.111852799295696
2017-01-26,0.10840663641456
2017-01-27,0.106141328939235
2017-01-28,0.103527182407749
2017-01-29,0.101693156695751
2017-01-30,0.100333355029598
2017-01-31,0.0973447428254029
2017-02-01,0.0932829590142058
2017-02-02,0.0901429404517881
2017-02-03,0.0871785795380639
2017-02-04,0.0822932116564739
2017-02-05,0.0785362642013051
2017-02-06,0.0751906756042992
2017-02-07,0.0732825494469967
2017-02-08,0.0720063380433524
2017-02-09,0.0745624724258711
2017-02-10,0.070813430337058
2017-02-11,0.0666992647105534
2017-02-12,0.0656318662896589
2017-02-13,0.0656407448088663
2017-02-14,0.0630472801543842
2017-02-15,0.0639334042827866
2017-02-16,0.0627350640980769
2017-02-17,0.0612027463313726
2017-02-18,0.0609786605719569
2017-02-19,0.0623004994528689
2017-02-20,0.0608911908514568
2017-02-21,0.0598939945113191
2017-02-22,0.0616891178288935
2017-02-23,0.0610665470220841
2017-02-24,0.0606209299682919
2017-02-25,0.0603622681579244
2017-02-26,0.0601218584428226
2017-02-27,0.0599195019305107
2017-02-28,0.0610472832315439
2017-03-01,0.0619599633671248
2017-03-02,0.0611376313115916
2017-03-03,0.0602920109950216
2017-03-04,0.0595611519023004
2017-03-05,0.058941570374729
2017-03-06,0.0588557714069108
2017-03-07,0.0596646894881546
2017-03-08,0.0600932415584949
2017-03-09,0.0587018411167096
2017-03-10,0.0606417484062377
2017-03-11,0.0590775737351025
2017-03-12,0.0582697184121925
2017-03-13,0.0584465269394857
2017-03-14,0.0638374438535527
2017-03-15,0.0629347011969292
2017-03-16,0.0598542296488739
2017-03-17,0.0590146182079347
2017-03-18,0.0613156235983741
2017-03-19,0.0603865646150375
2017-03-20,0.0586581133904592
2017-03-21,0.0594811120826828
2017-03-22,0.0586574765637771
2017-03-23,0.0571792356982766
2017-03-24,0.0569856348074259
2017-03-25,0.0577012582368084
2017-03-26,0.0582572766931089
2017-03-27,0.0593292771292259
2017-03-28,0.0634503895689101
2017-03-29,0.0590026573566246
2017-03-30,0.0575308406950312
2017-03-31,0.0753597417424294
2017-04-01,0.0709040884964486
2017-04-02,0.063820413836219
2017-04-03,0.0695626661145423
2017-04-04,0.0733953159195142
2017-04-05,0.0685033304765148
2017-04-06,0.0696392594018232
2017-04-07,0.0653950115413755
2017-04-08,0.0625988215556044
2017-04-09,0.061203384644302
2017-04-10,0.0607564893901248
2017-04-11,0.0609491334849684
2017-04-12,0.0604596887945564
2017-04-13,0.0592569641146695
2017-04-14,0.0587724379080778
2017-04-15,0.0621224634419693
2017-04-16,0.0613252694866126
2017-04-17,0.0597780574522552
2017-04-18,0.0584541114599863
2017-04-19,0.0603161010544582
2017-04-20,0.061462450629472
2017-04-21,0.0610605802517021
2017-04-22,0.0679460666511598
2017-04-23,0.0764714438198827
2017-04-24,0.140009166953179
2017-04-25,0.167821380514454
2017-04-26,0.143765140361874
2017-04-27,0.142802421933307
2017-04-28,0.142328429235925
2017-04-29,0.139535578213871
2017-04-30,0.136862818405703
2017-05-01,0.134541803345439
2017-05-02,0.128934496692221
2017-05-03,0.114697860056911
2017-05-04,0.114107747294437
2017-05-05,0.255843025151411
2017-05-06,0.209093909662527
2017-05-07,0.198542274092048
2017-05-08,0.194380828696149
2017-05-09,0.190798806643578
2017-05-10,0.189537382372647
2017-05-11,0.187473774902777
2017-05-12,0.187700678332191
2017-05-13,0.19104442915779
2017-05-14,0.185217090645745
2017-05-15,0.174949585720657
2017-05-16,0.161354610192501
2017-05-17,0.150955065708472
2017-05-18,0.139567924744627
2017-05-19,0.132039379843435
2017-05-20,0.124402204980181
2017-05-21,0.118766977940968
2017-05-22,0.1240756068881
2017-05-23,0.127970670171051
2017-05-24,0.176479440413679
2017-05-25,0.236807248737656
2017-05-26,0.204471445610964
2017-05-27,0.199324939705632
2017-05-28,0.193213646288398
2017-05-29,0.189011783340935
2017-05-30,0.185405778073777
2017-05-31,0.177625237393888
2017-06-01,0.168173296177798
2017-06-02,0.15395016492321
2017-06-03,0.142027270637588
2017-06-04,0.133393536293557
2017-06-05,0.143155889981449
2017-06-06,0.138637384297317
2017-06-07,0.126398782069895
2017-06-08,0.120550391646755
2017-06-09,0.115300208553669
2017-06-10,0.111408412402937
2017-06-11,0.10864948115846
2017-06-12,0.105720093774442
2017-06-13,0.109885925196175
2017-06-14,0.108050595369766
2017-06-15,0.106983325941091
2017-06-16,0.105778341782613
2017-06-17,0.124464851412175
2017-06-18,0.141265018050039
2017-06-19,0.138942495818875
2017-06-20,0.141771390731186
2017-06-21,0.132240248662714
2017-06-22,0.111096566333938
2017-06-23,0.101711901079884
2017-06-24,0.0922942653626684
2017-06-25,0.0784542034566058
2017-06-26,0.0677998898153853
2017-06-27,0.0649567394981885
2017-06-28,0.0647701988571841
2017-06-29,0.0648692750306227
2017-06-30,0.0652017638142898
2017-07-01,0.0662667631149685
2017-07-02,0.0650339166209396
2017-07-03,0.0641714311700045
2017-07-04,0.0640773869517819
2017-07-05,0.0732022634532639
2017-07-06,0.0711369993178039
2017-07-07,0.0673952070540325
2017-07-08,0.0645427673295644
2017-07-09,0.063153798111562
2017-07-10,0.0626783312203699
2017-07-11,0.0624398213226196
2017-07-12,0.0623459330050104
2017-07-13,0.0632004705833355
2017-07-14,0.0637386368448326
2017-07-15,0.0624991580628135
2017-07-16,0.0610734009698829
2017-07-17,0.0608565706747507
2017-07-18,0.0686695441148829
2017-07-19,0.064056926584988
2017-07-20,0.0625998258225286
2017-07-21,0.0621959004770223
2017-07-22,0.0619892439754515
2017-07-23,0.0615989613316601
2017-07-24,0.068876934601409
2017-07-25,0.0611017686463623
2017-07-26,0.059318825152048
2017-07-27,0.062410233471866
2017-07-28,0.0633677499119679
2017-07-29,0.0623608418155564
2017-07-30,0.0597296765850493
2017-07-31,0.0589289959905017
2017-08-01,0.058996751497522
2017-08-02,0.059768561004558
2017-08-03,0.0592370918648631
2017-08-04,0.0582688661735439
2017-08-05,0.0568455702752698
2017-08-06,0.0558837234763762
2017-08-07,0.063279720744201
2017-08-08,0.0621168017060193
2017-08-09,0.0579726732510313
2017-08-10,0.0567806484081967
2017-08-11,0.0571062416993536
2017-08-12,0.0583703371720783
2017-08-13,0.0573006945343261
2017-08-14,0.0569404219462347
2017-08-15,0.0578878890379997
2017-08-16,0.056971642880511
2017-08-17,0.0574826488383309
2017-08-18,0.0574124813664291
2017-08-19,0.0553373898082519
2017-08-20,0.0548969132628466
2017-08-21,0.0543515834993067
2017-08-22,0.0547427296400388
2017-08-23,0.0539075453589079
2017-08-24,0.0525841687748446
2017-08-25,0.052283114529882
2017-08-26,0.0518228815087825
2017-08-27,0.0519122184151102
2017-08-28,0.0511807062672628
2017-08-29,0.0534798581530995
2017-08-30,0.054525510401292
2017-08-31,0.0539622153478456
2017-09-01,0.0535010023619166
2017-09-02,0.0565108346779533
2017-09-03,0.054463493934788
2017-09-04,0.0538023722756266
2017-09-05,0.0531787435621238
2017-09-06,0.0567216636253668
2017-09-07,0.053665512511837
2017-09-08,0.0523231283876043
2017-09-09,0.0516538722578409
2017-09-10,0.0507455127507929
2017-09-11,0.0505341000223141
2017-09-12,0.0535199655430218
2017-09-13,0.055365116116782
2017-09-14,0.0528557016353365
2017-09-15,0.0529826041679305
2017-09-16,0.052487610503579
2017-09-17,0.0523437478558444
2017-09-18,0.051595157526032
2017-09-19,0.0512614437417934
2017-09-20,0.0512902090607232
2017-09-21,0.0513624072937029
2017-09-22,0.0594701028841492
2017-09-23,0.0582288097224842
2017-09-24,0.0569881577987211
2017-09-25,0.0572080782568654
2017-09-26,0.0579808993745364
2017-09-27,0.0592290694477062
2017-09-28,0.0594644932240519
2017-09-29,0.0572560043291284
2017-09-30,0.0588544972314442
2017-10-01,0.0590487940847856
2017-10-02,0.0584852192364746
2017-10-03,0.0591427875394554
2017-10-04,0.0593932458206055
2017-10-05,0.0593262721894722
2017-10-06,0.0599784761084136
2017-10-07,0.0596418945077916
2017-10-08,0.0608907756901572
2017-10-09,0.0695299528802506
2017-10-10,0.0580462768199231
2017-10-11,0.0647085974987218
2017-10-12,0.0588158422529625
2017-10-13,0.0587094643776804
2017-10-14,0.0580900184702147
2017-10-15,0.054798399687547
2017-10-16,0.0527580000814537
2017-10-17,0.0447903396157024
2017-10-18,0.0429352500504586
2017-10-19,0.0464469559628759
2017-10-20,0.0499586618752931
2017-10-21,0.0534703677877104
2017-10-22,0.0569820737001277
2017-10-23,0.060493779612545
2017-10-24,0.055348649170622
2017-10-25,0.050203518728699
2017-10-26,0.045058388286776
2017-10-27,0.039913257844853
2017-10-28,0.03476812740293
2017-10-29,0.029622996961007
2017-10-30,0.0325316012686815
2017-10-31,0.0354402055763559
2017-11-01,0.0383488098840304
2017-11-02,0.0412574141917049
2017-11-03,0.0441660184993793
2017-11-04,0.0470746228070538
2017-11-05,0.0499832271147283
2017-11-06,0.0528918314224028
2017-11-07,0.0558004357300772
2017-11-08,0.0587090400377517
2017-11-09,0.0616176443454262
2017-11-10,0.0645262486531007
2017-11-11,0.0674348529607751
2017-11-12,0.0703434572684496
2017-11-13,0.0732520615761241
2017-11-14,0.0744697777603707
2017-11-15,0.0743011726237738
2017-11-16,0.073511878837136
2017-11-17,0.0726914419277287
2017-11-18,0.0729542571861991
2017-11-19,0.0745047196150437
2017-11-20,0.0725204762864217
2017-11-21,0.0733981051202684
2017-11-22,0.0760446081975249
2017-11-23,0.0762420818686464
2017-11-24,0.0747029801658567
2017-11-25,0.0738051482158051
2017-11-26,0.0738249748834334
2017-11-27,0.0734759057979198
2017-11-28,0.0732589771730183
2017-11-29,0.0726077941492624
2017-11-30,0.0712207338721207
2017-12-01,0.0719817652827644
2017-12-02,0.0691403864987462
2017-12-03,0.0692480173505813
2017-12-04,0.0682584491280794
2017-12-05,0.0680667447009739
2017-12-06,0.0678812381174931
2017-12-07,0.0666044091874659
2017-12-08,0.067042794204861
2017-12-09,0.0683284553874051
2017-12-10,0.0662812938714428
2017-12-11,0.0646454930659499
2017-12-12,0.0673650825690428
2017-12-13,0.0703787168574435
2017-12-14,0.066474663752278
2017-12-15,0.0670171885111136
2017-12-16,0.0661914696410498
2017-12-17,0.0662248442251094
2017-12-18,0.0692919204965681
2017-12-19,0.0704407308765816
2017-12-20,0.0674840867126152
2017-12-21,0.0677495267142361
2017-12-22,0.0675891272540998
2017-12-23,0.0700650461479939
2017-12-24,0.0676213416425635
2017-12-25,0.0670082812454548
2017-12-26,0.0665655511175928
2017-12-27,0.0672439079014174
2017-12-28,0.0682839652110028
2017-12-29,0.0698204768489856
2017-12-30,0.0661746766878719
2017-12-31,0.0745101862672464
