time,FLOW
2013-05-15,0.028262871
2013-05-16,0.027216723
2013-05-17,0.028572762
2013-05-18,0.035951269
2013-05-19,0.045358054
2013-05-20,0.05811476
2013-05-21,0.041511064
2013-05-22,0.042635576
2013-05-23,0.04340496
2013-05-24,0.032338799
2013-05-25,0.028419274
2013-05-26,0.027133503
2013-05-27,0.026334622
2013-05-28,0.026322543
2013-05-29,0.02620963
2013-05-30,0.025408954
2013-05-31,0.026509148
2013-06-01,0.025986726
2013-06-02,0.03629038
2013-06-03,0.034445928
2013-06-04,0.02582428
2013-06-05,0.024598858
2013-06-06,0.087470883
2013-06-07,0.078607034
2013-06-08,0.050463864
2013-06-09,0.040737144
2013-06-10,0.044405254
2013-06-11,0.044666622
2013-06-12,0.037096265
2013-06-13,0.036942238
2013-06-14,0.032894763
2013-06-15,0.02812613
2013-06-16,0.027486742
2013-06-17,0.028251728
2013-06-18,0.034665994
2013-06-19,0.035264149
2013-06-20,0.029752961
2013-06-21,0.025361666
2013-06-22,0.025071347
2013-06-23,0.024457832
2013-06-24,0.024526153
2013-06-25,0.024324927
2013-06-26,0.032304039
2013-06-27,0.029659755
2013-06-28,0.024416257
2013-06-29,0.025283151
2013-06-30,0.027880202
2013-07-01,0.026046739
2013-07-02,0.076195589
2013-07-03,0.137597351
2013-07-04,0.147115197
2013-07-05,0.090493775
2013-07-06,0.050128286
2013-07-07,0.045360289
2013-07-08,0.041185926
2013-07-09,0.034495056
2013-07-10,0.097676216
2013-07-11,0.106787035
2013-07-12,0.073612633
2013-07-13,0.059401329
2013-07-14,0.058578976
2013-07-15,0.047827802
2013-07-16,0.043383986
2013-07-17,0.040299947
2013-07-18,0.037288737
2013-07-19,0.035790944
2013-07-20,0.034508795
2013-07-21,0.034491698
2013-07-22,0.034833924
2013-07-23,0.033638855
2013-07-24,0.030818587
2013-07-25,0.029685624
2013-07-26,0.0288423
2013-07-27,0.035305997
2013-07-28,0.034546758
2013-07-29,0.027491257
2013-07-30,0.026366418
2013-07-31,0.026424569
2013-08-01,0.030287027
2013-08-02,0.028630073
2013-08-03,0.025029035
2013-08-04,0.024688406
2013-08-05,0.023459032
2013-08-06,0.029129111
2013-08-07,0.029676665
2013-08-08,0.042019387
2013-08-09,0.039292617
2013-08-10,0.028021342
2013-08-11,0.029728312
2013-08-12,0.029491939
2013-08-13,0.027805361
2013-08-14,0.025617231
2013-08-15,0.022441465
2013-08-16,0.022332372
2013-08-17,0.032895107
2013-08-18,0.04335688
2013-08-19,0.029850863
2013-08-20,0.0268698
2013-08-21,0.025170572
2013-08-22,0.025278415
2013-08-23,0.023075883
2013-08-24,0.022425332
2013-08-25,0.02105157
2013-08-26,0.020798643
2013-08-27,0.021238051
2013-08-28,0.02244779
2013-08-29,0.022995511
2013-08-30,0.021397693
2013-08-31,0.023232703
2013-09-01,0.023092868
2013-09-02,0.02057453
2013-09-03,0.02004323
2013-09-04,0.019175411
2013-09-05,0.019164162
2013-09-06,0.018470092
2013-09-07,0.01848474
2013-09-08,0.018837541
2013-09-09,0.018499333
2013-09-10,0.025022206
2013-09-11,0.036655523
2013-09-12,0.034857643
2013-09-13,0.033410691
2013-09-14,0.032897536
2013-09-15,0.032570467
2013-09-16,0.033060038
2013-09-17,0.032438179
2013-09-18,0.032009706
2013-09-19,0.031942125
2013-09-20,0.039704421
2013-09-21,0.047389536
2013-09-22,0.039608061
2013-09-23,0.032958704
2013-09-24,0.032227437
2013-09-25,0.032288329
2013-09-26,0.032479768
2013-09-27,0.032117147
2013-09-28,0.031241143
2013-09-29,0.031573935
2013-09-30,0.030719205
2013-10-01,0.030767253
2013-10-02,0.030697806
2013-10-03,0.030199729
2013-10-04,0.030152901
2013-10-05,0.030215968
2013-10-06,0.029329166
2013-10-07,0.059687756
2013-10-08,0.050179317
2013-10-09,0.030754305
2013-10-10,0.034852146
2013-10-11,0.033433599
2013-10-12,0.032651615
2013-10-13,0.031955807
2013-10-14,0.034998681
2013-10-15,0.033766353
2013-10-16,0.029763395
2013-10-17,0.030294188
2013-10-18,0.030527289
2013-10-19,0.028890245
2013-10-20,0.029466266
2013-10-21,0.02869965
2013-10-22,0.028600765
2013-10-23,0.030461097
2013-10-24,0.030131571
2013-10-25,0.03026899
2013-10-26,0.029226789
2013-10-27,0.029438327
2013-10-28,0.02955203
2013-10-29,0.029060419
2013-10-30,0.029063391
2013-10-31,0.028282593
2013-11-01,0.030400774
2013-11-02,0.031051041
2013-11-03,0.03166529
2013-11-04,0.030996051
2013-11-05,0.030532806
2013-11-06,0.029967808
2013-11-07,0.031625582
2013-11-08,0.032611384
2013-11-09,0.031900071
2013-11-10,0.03243769
2013-11-11,0.0317114
2013-11-12,0.033630051
2013-11-13,0.033409961
2013-11-14,0.03250632
2013-11-15,0.036340799
2013-11-16,0.039957303
2013-11-17,0.034994425
2013-11-18,0.037160708
2013-11-19,0.035136486
2013-11-20,0.033444991
2013-11-21,0.032338945
2013-11-22,0.031753033
2013-11-23,0.033928558
2013-11-24,0.035415957
2013-11-25,0.033689416
2013-11-26,0.106651322
2013-11-27,0.112574741
2013-11-28,0.042067333
2013-11-29,0.034232211
2013-11-30,0.032372746
2013-12-01,0.032918842
2013-12-02,0.034217991
2013-12-03,0.035921596
2013-12-04,0.032720216
2013-12-05,0.029028386
2013-12-06,0.041982922
2013-12-07,0.05438981
2013-12-08,0.037782369
2013-12-09,0.039814891
2013-12-10,0.065642213
2013-12-11,0.060850732
2013-12-12,0.036668325
2013-12-13,0.034662619
2013-12-14,0.046588485
2013-12-15,0.050666433
2013-12-16,0.038116261
2013-12-17,0.038659475
2013-12-18,0.039199613
2013-12-19,0.033948554
2013-12-20,0.032331493
2013-12-21,0.030345637
2013-12-22,0.036308871
2013-12-23,0.069802959
2013-12-24,0.053922819
2013-12-25,0.037919147
2013-12-26,0.035464979
2013-12-27,0.033810191
2013-12-28,0.032726924
2013-12-29,0.061305231
2013-12-30,0.05534375
2013-12-31,0.039484206
2014-01-01,0.036292268
2014-01-02,0.035391062
2014-01-03,0.039535598
2014-01-04,0.034565045
2014-01-05,0.035935441
2014-01-06,0.039040364
2014-01-07,0.053908524
2014-01-08,0.045545703
2014-01-09,0.033156871
2014-01-10,0.050764462
2014-01-11,0.070419296
2014-01-12,0.054631001
2014-01-13,0.03989483
2014-01-14,0.040293442
2014-01-15,0.039263562
2014-01-16,0.03683878
2014-01-17,0.03602134
2014-01-18,0.036867935
2014-01-19,0.035031923
2014-01-20,0.034236792
2014-01-21,0.035957007
2014-01-22,0.039064444
2014-01-23,0.038411735
2014-01-24,0.063317383
2014-01-25,0.054156554
2014-01-26,0.03409263
2014-01-27,0.034841005
2014-01-28,0.037074949
2014-01-29,0.037330698
2014-01-30,0.042264645
2014-01-31,0.034291082
2014-02-01,0.034056434
2014-02-02,0.032899573
2014-02-03,0.074674589
2014-02-04,0.063647211
2014-02-05,0.041799265
2014-02-06,0.039530484
2014-02-07,0.036988359
2014-02-08,0.035714094
2014-02-09,0.035118665
2014-02-10,0.035487578
2014-02-11,0.034975204
2014-02-12,0.043456752
2014-02-13,0.105398572
2014-02-14,0.054796974
2014-02-15,0.040157266
2014-02-16,0.037488694
2014-02-17,0.034525121
2014-02-18,0.036554274
2014-02-19,0.054617294
2014-02-20,0.059882421
2014-02-21,0.09152741
2014-02-22,0.077848956
2014-02-23,0.050607468
2014-02-24,0.050582629
2014-02-25,0.046119388
2014-02-26,0.039736812
2014-02-27,0.039681748
2014-02-28,0.038281782
2014-03-01,0.036790088
2014-03-02,0.040985633
2014-03-03,0.061712671
2014-03-04,0.052980534
2014-03-05,0.041088143
2014-03-06,0.039120645
2014-03-07,0.042206346
2014-03-08,0.036256014
2014-03-09,0.028300811
2014-03-10,0.025125256
2014-03-11,0.024543369
2014-03-12,0.024990963
2014-03-13,0.025337496
2014-03-14,0.023260862
2014-03-15,0.022842457
2014-03-16,0.027540311
2014-03-17,0.02873892
2014-03-18,0.026083711
2014-03-19,0.029419734
2014-03-20,0.029029373
2014-03-21,0.02786313
2014-03-22,0.029025546
2014-03-23,0.031742471
2014-03-24,0.033837537
2014-03-25,0.041240312
2014-03-26,0.043557659
2014-03-27,0.042935727
2014-03-28,0.045474387
2014-03-29,0.049601848
2014-03-30,0.051889666
2014-03-31,0.048739765
2014-04-01,0.049976202
2014-04-02,0.052103468
2014-04-03,0.055411584
2014-04-04,0.057926974
2014-04-05,0.058808963
2014-04-06,0.060451531
2014-04-07,0.073980498
2014-04-08,0.076075564
2014-04-09,0.066736728
2014-04-10,0.068831793
2014-04-11,0.070926859
2014-04-12,0.073021925
2014-04-13,0.075116991
2014-04-14,0.077634974
2014-04-15,0.090349387
2014-04-16,0.092021536
2014-04-17,0.083497253
2014-04-18,0.085592319
2014-04-19,0.087687385
2014-04-20,0.08978245
2014-04-21,0.091877516
2014-04-22,0.093972582
2014-04-23,0.096067647
2014-04-24,0.098162713
2014-04-25,0.102504712
2014-04-26,0.104599777
2014-04-27,0.10444791
2014-04-28,0.111328263
2014-04-29,0.127390307
2014-04-30,0.124724465
2014-05-01,0.113036851
2014-05-02,0.106877553
2014-05-03,0.105698651
2014-05-04,0.105891277
2014-05-05,0.10555008
2014-05-06,0.107174578
2014-05-07,0.107713159
2014-05-08,0.108568116
2014-05-09,0.109088361
2014-05-10,0.109677874
2014-05-11,0.108117705
2014-05-12,0.107794978
2014-05-13,0.10943532
2014-05-14,0.107058507
2014-05-15,0.139057006
2014-05-16,0.141132978
2014-05-17,0.112210234
2014-05-18,0.109240139
2014-05-19,0.10822632
2014-05-20,0.107778209
2014-05-21,0.10891266
2014-05-22,0.108271451
2014-05-23,0.106819706
2014-05-24,0.106268417
2014-05-25,0.106222248
2014-05-26,0.107677439
2014-05-27,0.111092409
2014-05-28,0.112521904
2014-05-29,0.112588162
2014-05-30,0.11301454
2014-05-31,0.111722325
2014-06-01,0.110280186
2014-06-02,0.111733279
2014-06-03,0.112275534
2014-06-04,0.121162848
2014-06-05,0.120726244
2014-06-06,0.112227931
2014-06-07,0.109740626
2014-06-08,0.110198291
2014-06-09,0.109977129
2014-06-10,0.109996746
2014-06-11,0.120214245
2014-06-12,0.123871861
2014-06-13,0.114721304
2014-06-14,0.109646339
2014-06-15,0.107164837
2014-06-16,0.107888798
2014-06-17,0.109302657
2014-06-18,0.109441692
2014-06-19,0.108904554
2014-06-20,0.113035275
2014-06-21,0.11272069
2014-06-22,0.108499404
2014-06-23,0.106592776
2014-06-24,0.10642434
2014-06-25,0.109195345
2014-06-26,0.108943256
2014-06-27,0.109066259
2014-06-28,0.109471485
2014-06-29,0.1092735
2014-06-30,0.109303855
2014-07-01,0.108974867
2014-07-02,0.110161136
2014-07-03,0.137990648
2014-07-04,0.127410218
2014-07-05,0.110175205
2014-07-06,0.108951877
2014-07-07,0.109321052
2014-07-08,0.11007359
2014-07-09,0.114419941
2014-07-10,0.113205214
2014-07-11,0.111060444
2014-07-12,0.109371945
2014-07-13,0.10820925
2014-07-14,0.11026772
2014-07-15,0.111549245
2014-07-16,0.107845825
2014-07-17,0.106411859
2014-07-18,0.104984749
2014-07-19,0.10547265
2014-07-20,0.106247928
2014-07-21,0.106474679
2014-07-22,0.103292724
2014-07-23,0.100750621
2014-07-24,0.110458927
2014-07-25,0.116736741
2014-07-26,0.10208156
2014-07-27,0.102977688
2014-07-28,0.101956066
2014-07-29,0.099263476
2014-07-30,0.09942225
2014-07-31,0.099843543
2014-08-01,0.107042994
2014-08-02,0.106643061
2014-08-03,0.100488997
2014-08-04,0.09924368
2014-08-05,0.099773682
2014-08-06,0.099989854
2014-08-07,0.098932401
2014-08-08,0.102574862
2014-08-09,0.132727244
2014-08-10,0.124864961
2014-08-11,0.120527677
2014-08-12,0.144752293
2014-08-13,0.115425948
2014-08-14,0.104183256
2014-08-15,0.10320137
2014-08-16,0.102525805
2014-08-17,0.102866581
2014-08-18,0.112314213
2014-08-19,0.112401415
2014-08-20,0.101282979
2014-08-21,0.101314055
2014-08-22,0.099435142
2014-08-23,0.105541423
2014-08-24,0.128800514
2014-08-25,0.106031106
2014-08-26,0.099805435
2014-08-27,0.097226058
2014-08-28,0.088471103
2014-08-29,0.065637133
2014-08-30,0.063110136
2014-08-31,0.060874961
2014-09-01,0.057901496
2014-09-02,0.061218065
2014-09-03,0.063261049
2014-09-04,0.060020342
2014-09-05,0.059911942
2014-09-06,0.062692531
2014-09-07,0.062046475
2014-09-08,0.058520649
2014-09-09,0.057616468
2014-09-10,0.056390245
2014-09-11,0.0570585
2014-09-12,0.059313019
2014-09-13,0.062620828
2014-09-14,0.057931142
2014-09-15,0.053887384
2014-09-16,0.052696619
2014-09-17,0.051178516
2014-09-18,0.047861607
2014-09-19,0.048152107
2014-09-20,0.046986398
2014-09-21,0.044215783
2014-09-22,0.041159463
2014-09-23,0.039133862
2014-09-24,0.039222192
2014-09-25,0.03859699
2014-09-26,0.037477108
2014-09-27,0.037016151
2014-09-28,0.036138184
2014-09-29,0.036217597
2014-09-30,0.036574213
2014-10-01,0.035375559
2014-10-02,0.034968122
2014-10-03,0.038804003
2014-10-04,0.038588652
2014-10-05,0.033908874
2014-10-06,0.034150266
2014-10-07,0.044834223
2014-10-08,0.049235113
2014-10-09,0.039010106
2014-10-10,0.040430418
2014-10-11,0.041726529
2014-10-12,0.049594248
2014-10-13,0.051262302
2014-10-14,0.052360327
2014-10-15,0.080961515
2014-10-16,0.066446906
2014-10-17,0.051882451
2014-10-18,0.049846759
2014-10-19,0.049002568
2014-10-20,0.047579407
2014-10-21,0.043861061
2014-10-22,0.042737294
2014-10-23,0.039239552
2014-10-24,0.033221368
2014-10-25,0.032487985
2014-10-26,0.028176963
2014-10-27,0.021243953
2014-10-28,0.020513002
2014-10-29,0.018840701
2014-10-30,0.018143063
2014-10-31,0.020354588
2014-11-01,0.027205481
2014-11-02,0.021711479
2014-11-03,0.017368431
2014-11-04,0.017196849
2014-11-05,0.016937988
2014-11-06,0.018292157
2014-11-07,0.018114515
2014-11-08,0.017686363
2014-11-09,0.017732878
2014-11-10,0.017726978
2014-11-11,0.017738039
2014-11-12,0.017621328
2014-11-13,0.017172092
2014-11-14,0.018012968
2014-11-15,0.017780282
2014-11-16,0.01767581
2014-11-17,0.029808408
2014-11-18,0.027873727
2014-11-19,0.018656022
2014-11-20,0.018165548
2014-11-21,0.018639875
2014-11-22,0.018642647
2014-11-23,0.026631758
2014-11-24,0.03102638
2014-11-25,0.020261139
2014-11-26,0.049342509
2014-11-27,0.042462411
2014-11-28,0.023555859
2014-11-29,0.021298307
2014-11-30,0.02007363
2014-12-01,0.019822518
2014-12-02,0.031774028
2014-12-03,0.029664336
2014-12-04,0.023848917
2014-12-05,0.024684535
2014-12-06,0.02511422
2014-12-07,0.025012254
2014-12-08,0.023971056
2014-12-09,0.02473854
2014-12-10,0.024085077
2014-12-11,0.024406506
2014-12-12,0.023848728
2014-12-13,0.023578717
2014-12-14,0.024573945
2014-12-15,0.023288775
2014-12-16,0.023072148
2014-12-17,0.02252552
2014-12-18,0.027080188
2014-12-19,0.027533084
2014-12-20,0.027229603
2014-12-21,0.026754845
2014-12-22,0.028640523
2014-12-23,0.033502977
2014-12-24,0.04403793
2014-12-25,0.040014474
2014-12-26,0.033642019
2014-12-27,0.032429527
2014-12-28,0.031909372
2014-12-29,0.036311583
2014-12-30,0.047431213
2014-12-31,0.10386947
2015-01-01,0.102569874
2015-01-02,0.101106428
2015-01-03,0.103221433
2015-01-04,0.104300847
2015-01-05,0.102688481
2015-01-06,0.100390404
2015-01-07,0.102989834
2015-01-08,0.102686686
2015-01-09,0.098262275
2015-01-10,0.099269067
2015-01-11,0.097398188
2015-01-12,0.103581778
2015-01-13,0.103420737
2015-01-14,0.09887673
2015-01-15,0.098609567
2015-01-16,0.099992144
2015-01-17,0.098919035
2015-01-18,0.095794093
2015-01-19,0.095011655
2015-01-20,0.095455406
2015-01-21,0.094391848
2015-01-22,0.095009742
2015-01-23,0.101412482
2015-01-24,0.104191984
2015-01-25,0.096497267
2015-01-26,0.096391266
2015-01-27,0.098309288
2015-01-28,0.093126755
2015-01-29,0.076161802
2015-01-30,0.069200338
2015-01-31,0.062886448
2015-02-01,0.056017271
2015-02-02,0.059439735
2015-02-03,0.059289565
2015-02-04,0.051262253
2015-02-05,0.053174484
2015-02-06,0.049340888
2015-02-07,0.044465773
2015-02-08,0.043089741
2015-02-09,0.042980647
2015-02-10,0.044750282
2015-02-11,0.043674393
2015-02-12,0.043414609
2015-02-13,0.045314137
2015-02-14,0.04317937
2015-02-15,0.055370307
2015-02-16,0.050134574
2015-02-17,0.055204231
2015-02-18,0.045127961
2015-02-19,0.047521209
2015-02-20,0.042907777
2015-02-21,0.061143358
2015-02-22,0.06950845
2015-02-23,0.053596543
2015-02-24,0.048096356
2015-02-25,0.045961598
2015-02-26,0.046299665
2015-02-27,0.045694271
2015-02-28,0.045257918
2015-03-01,0.044722056
2015-03-02,0.050911809
2015-03-03,0.051540644
2015-03-04,0.077835598
2015-03-05,0.161920261
2015-03-06,0.153005334
2015-03-07,0.105414123
2015-03-08,0.104592342
2015-03-09,0.107029235
2015-03-10,0.109221873
2015-03-11,0.114619359
2015-03-12,0.109260757
2015-03-13,0.105515264
2015-03-14,0.119042199
2015-03-15,0.116342957
2015-03-16,0.09927818
2015-03-17,0.090522054
2015-03-18,0.084539043
2015-03-19,0.082284616
2015-03-20,0.093132946
2015-03-21,0.084242176
2015-03-22,0.076208236
2015-03-23,0.070383481
2015-03-24,0.06721886
2015-03-25,0.065793759
2015-03-26,0.076024032
2015-03-27,0.116813425
2015-03-28,0.110063126
2015-03-29,0.097354052
2015-03-30,0.093435365
2015-03-31,0.089566961
2015-04-01,0.08138871
2015-04-02,0.07502646
2015-04-03,0.072940837
2015-04-04,0.072604626
2015-04-05,0.064640995
2015-04-06,0.058453344
2015-04-07,0.066742223
2015-04-08,0.070236876
2015-04-09,0.085663992
2015-04-10,0.083826195
2015-04-11,0.072687391
2015-04-12,0.066763547
2015-04-13,0.0659212
2015-04-14,0.083472497
2015-04-15,0.094987073
2015-04-16,0.08816993
2015-04-17,0.089380654
2015-04-18,0.083382624
2015-04-19,0.110743113
2015-04-20,0.162391616
2015-04-21,0.114554843
2015-04-22,0.105349
2015-04-23,0.102563887
2015-04-24,0.101361861
2015-04-25,0.103574299
2015-04-26,0.107718687
2015-04-27,0.10406001
2015-04-28,0.099259701
2015-04-29,0.09773497
2015-04-30,0.100057422
2015-05-01,0.107628507
2015-05-02,0.101637365
2015-05-03,0.095109734
2015-05-04,0.092997229
2015-05-05,0.091618285
2015-05-06,0.092390303
2015-05-07,0.089221547
2015-05-08,0.082091081
2015-05-09,0.07766624
2015-05-10,0.074536591
2015-05-11,0.072547254
2015-05-12,0.070375339
2015-05-13,0.065378942
2015-05-14,0.060886397
2015-05-15,0.05963026
2015-05-16,0.060259865
2015-05-17,0.061025098
2015-05-18,0.06768716
2015-05-19,0.067374314
2015-05-20,0.060275931
2015-05-21,0.060849825
2015-05-22,0.059669295
2015-05-23,0.05446295
2015-05-24,0.052874737
2015-05-25,0.051027112
2015-05-26,0.05033691
2015-05-27,0.049401243
2015-05-28,0.047990213
2015-05-29,0.046813962
2015-05-30,0.045464082
2015-05-31,0.049026338
2015-06-01,0.062329681
2015-06-02,0.085988449
2015-06-03,0.097117894
2015-06-04,0.078720453
2015-06-05,0.073500221
2015-06-06,0.067911469
2015-06-07,0.061890735
2015-06-08,0.079076101
2015-06-09,0.088647608
2015-06-10,0.074823778
2015-06-11,0.068876324
2015-06-12,0.064447971
2015-06-13,0.062410602
2015-06-14,0.061876403
2015-06-15,0.059179662
2015-06-16,0.05487606
2015-06-17,0.065473286
2015-06-18,0.078754962
2015-06-19,0.068259714
2015-06-20,0.061328876
2015-06-21,0.059391839
2015-06-22,0.05451213
2015-06-23,0.05061853
2015-06-24,0.045223134
2015-06-25,0.041454173
2015-06-26,0.043902922
2015-06-27,0.059768003
2015-06-28,0.054514293
2015-06-29,0.040391814
2015-06-30,0.041484066
2015-07-01,0.042184507
2015-07-02,0.038795667
2015-07-03,0.04160416
2015-07-04,0.044573154
2015-07-05,0.046003051
2015-07-06,0.072232806
2015-07-07,0.068330495
2015-07-08,0.053417938
2015-07-09,0.051821659
2015-07-10,0.045529851
2015-07-11,0.04540638
2015-07-12,0.049946227
2015-07-13,0.106817003
2015-07-14,0.097317113
2015-07-15,0.07104703
2015-07-16,0.059690044
2015-07-17,0.055004173
2015-07-18,0.054357056
2015-07-19,0.053954113
2015-07-20,0.05068635
2015-07-21,0.045652051
2015-07-22,0.040948229
2015-07-23,0.037891935
2015-07-24,0.036611022
2015-07-25,0.035854686
2015-07-26,0.034682337
2015-07-27,0.033136936
2015-07-28,0.039355349
2015-07-29,0.039472321
2015-07-30,0.037626798
2015-07-31,0.034785785
2015-08-01,0.032240673
2015-08-02,0.03023266
2015-08-03,0.028615598
2015-08-04,0.027697691
2015-08-05,0.027116944
2015-08-06,0.028281701
2015-08-07,0.028106728
2015-08-08,0.025589591
2015-08-09,0.024635274
2015-08-10,0.04184519
2015-08-11,0.055853601
2015-08-12,0.037635922
2015-08-13,0.033671862
2015-08-14,0.032459862
2015-08-15,0.031790855
2015-08-16,0.033596889
2015-08-17,0.032111244
2015-08-18,0.029956655
2015-08-19,0.035431843
2015-08-20,0.033654693
2015-08-21,0.026851517
2015-08-22,0.025181676
2015-08-23,0.024753883
2015-08-24,0.024191512
2015-08-25,0.021798114
2015-08-26,0.022988992
2015-08-27,0.023951172
2015-08-28,0.023347542
2015-08-29,0.022668319
2015-08-30,0.022092172
2015-08-31,0.021900681
2015-09-01,0.021628542
2015-09-02,0.021040771
2015-09-03,0.020568993
2015-09-04,0.034160292
2015-09-05,0.036385996
2015-09-06,0.027786079
2015-09-07,0.026671229
2015-09-08,0.026012582
2015-09-09,0.027613528
2015-09-10,0.0276433
2015-09-11,0.024547288
2015-09-12,0.023519668
2015-09-13,0.021978088
2015-09-14,0.019551747
2015-09-15,0.018421792
2015-09-16,0.017820314
2015-09-17,0.017495865
2015-09-18,0.017032671
2015-09-19,0.016613157
2015-09-20,0.016159508
2015-09-21,0.044440397
2015-09-22,0.054266037
2015-09-23,0.035018046
2015-09-24,0.032239685
2015-09-25,0.034317596
2015-09-26,0.067386718
2015-09-27,0.11818582
2015-09-28,0.10356015
2015-09-29,0.161360919
2015-09-30,0.134973294
2015-10-01,0.091919189
2015-10-02,0.110560061
2015-10-03,0.145147435
2015-10-04,0.122563269
2015-10-05,0.097638194
2015-10-06,0.089942295
2015-10-07,0.088818366
2015-10-08,0.088021801
2015-10-09,0.092121032
2015-10-10,0.093643672
2015-10-11,0.089996524
2015-10-12,0.088094232
2015-10-13,0.087993393
2015-10-14,0.087386878
2015-10-15,0.091076251
2015-10-16,0.091827948
2015-10-17,0.09212224
2015-10-18,0.092719225
2015-10-19,0.089974951
2015-10-20,0.087206632
2015-10-21,0.080393751
2015-10-22,0.073453627
2015-10-23,0.065128297
2015-10-24,0.055823303
2015-10-25,0.05218667
2015-10-26,0.048034279
2015-10-27,0.068608071
2015-10-28,0.14385768
2015-10-29,0.113281086
2015-10-30,0.089079439
2015-10-31,0.091098663
2015-11-01,0.092154343
2015-11-02,0.088864377
2015-11-03,0.087847633
2015-11-04,0.081324588
2015-11-05,0.07963496
2015-11-06,0.075065665
2015-11-07,0.072178649
2015-11-08,0.066590252
2015-11-09,0.087122056
2015-11-10,0.110205357
2015-11-11,0.090363995
2015-11-12,0.085518746
2015-11-13,0.08068634
2015-11-14,0.074842666
2015-11-15,0.068814957
2015-11-16,0.064174976
2015-11-17,0.060191967
2015-11-18,0.068128814
2015-11-19,0.128799363
2015-11-20,0.115657998
2015-11-21,0.097888853
2015-11-22,0.09275449
2015-11-23,0.089150756
2015-11-24,0.085188786
2015-11-25,0.082080719
2015-11-26,0.073949262
2015-11-27,0.071662563
2015-11-28,0.067477127
2015-11-29,0.064998557
2015-11-30,0.078067693
2015-12-01,0.122779037
2015-12-02,0.128663268
2015-12-03,0.107755294
2015-12-04,0.098504309
2015-12-05,0.096350417
2015-12-06,0.096480646
2015-12-07,0.096497203
2015-12-08,0.094309293
2015-12-09,0.091343175
2015-12-10,0.090532613
2015-12-11,0.087016835
2015-12-12,0.085417763
2015-12-13,0.083117218
2015-12-14,0.083018243
2015-12-15,0.080077319
2015-12-16,0.076649823
2015-12-17,0.09190209
2015-12-18,0.092994284
2015-12-19,0.080227358
2015-12-20,0.076987615
2015-12-21,0.07557293
2015-12-22,0.077085289
2015-12-23,0.091502126
2015-12-24,0.111141178
2015-12-25,0.107678028
2015-12-26,0.09705116
2015-12-27,0.09609263
2015-12-28,0.095937264
2015-12-29,0.103622129
2015-12-30,0.100669295
2015-12-31,0.097500825
2016-01-01,0.095802258
2016-01-02,0.096712687
2016-01-03,0.09441232
2016-01-04,0.092711004
2016-01-05,0.089635103
2016-01-06,0.086876915
2016-01-07,0.083004654
2016-01-08,0.081512021
2016-01-09,0.088250574
2016-01-10,0.100622623
2016-01-11,0.093234838
2016-01-12,0.08780504
2016-01-13,0.085005383
2016-01-14,0.072040348
2016-01-15,0.081515078
2016-01-16,0.091081996
2016-01-17,0.085578928
2016-01-18,0.090248062
2016-01-19,0.087953114
2016-01-20,0.067404128
2016-01-21,0.066489776
2016-01-22,0.076162639
2016-01-23,0.101993691
2016-01-24,0.093713568
2016-01-25,0.083179306
2016-01-26,0.074198003
2016-01-27,0.081786128
2016-01-28,0.080980055
2016-01-29,0.076605168
2016-01-30,0.070287838
2016-01-31,0.075979152
2016-02-01,0.087140693
2016-02-02,0.109632347
2016-02-03,0.172378169
2016-02-04,0.17355179
2016-02-05,0.121990023
2016-02-06,0.111628411
2016-02-07,0.109724307
2016-02-08,0.110913922
2016-02-09,0.111366155
2016-02-10,0.109913185
2016-02-11,0.108815989
2016-02-12,0.104259579
2016-02-13,0.10991383
2016-02-14,0.106254123
2016-02-15,0.103930053
2016-02-16,0.154418185
2016-02-17,0.141438712
2016-02-18,0.113730595
2016-02-19,0.110587382
2016-02-20,0.117032779
2016-02-21,0.133504414
2016-02-22,0.135006773
2016-02-23,0.146326149
2016-02-24,0.179075964
2016-02-25,0.166206077
2016-02-26,0.12684675
2016-02-27,0.115629113
2016-02-28,0.114399119
2016-02-29,0.125275243
2016-03-01,0.134940566
2016-03-02,0.139015491
2016-03-03,0.119394478
2016-03-04,0.113851518
2016-03-05,0.109793533
2016-03-06,0.108875836
2016-03-07,0.105659957
2016-03-08,0.105099847
2016-03-09,0.10504521
2016-03-10,0.103466751
2016-03-11,0.10499276
2016-03-12,0.101868059
2016-03-13,0.103363968
2016-03-14,0.12117252
2016-03-15,0.127923831
2016-03-16,0.111811564
2016-03-17,0.109371441
2016-03-18,0.107720732
2016-03-19,0.112666337
2016-03-20,0.109990266
2016-03-21,0.11255592
2016-03-22,0.104495213
2016-03-23,0.105930275
2016-03-24,0.102422939
2016-03-25,0.104795055
2016-03-26,0.103782184
2016-03-27,0.102265457
2016-03-28,0.10870607
2016-03-29,0.106908387
2016-03-30,0.101977375
2016-03-31,0.099813333
2016-04-01,0.107346079
2016-04-02,0.10590945
2016-04-03,0.103772961
2016-04-04,0.101523479
2016-04-05,0.103636288
2016-04-06,0.099631644
2016-04-07,0.104239119
2016-04-08,0.10419874
2016-04-09,0.105723987
2016-04-10,0.101796692
2016-04-11,0.099552247
2016-04-12,0.101264557
2016-04-13,0.100162467
2016-04-14,0.100836478
2016-04-15,0.100097751
2016-04-16,0.099737416
2016-04-17,0.099441379
2016-04-18,0.101449502
2016-04-19,0.102873907
2016-04-20,0.099872921
2016-04-21,0.097798663
2016-04-22,0.104271946
2016-04-23,0.104975751
2016-04-24,0.09775579
2016-04-25,0.096319838
2016-04-26,0.095836211
2016-04-27,0.097366489
2016-04-28,0.098890664
2016-04-29,0.095051067
2016-04-30,0.089431689
2016-05-01,0.117267201
2016-05-02,0.119458387
2016-05-03,0.108632517
2016-05-04,0.098700362
2016-05-05,0.115896095
2016-05-06,0.115406095
2016-05-07,0.100584115
2016-05-08,0.098761252
2016-05-09,0.095329349
2016-05-10,0.096284127
2016-05-11,0.110259957
2016-05-12,0.113171614
2016-05-13,0.103067717
2016-05-14,0.095619825
2016-05-15,0.094262266
2016-05-16,0.090085336
2016-05-17,0.090702194
2016-05-18,0.090646772
2016-05-19,0.086654743
2016-05-20,0.082962465
2016-05-21,0.108950135
2016-05-22,0.113442741
2016-05-23,0.10080345
2016-05-24,0.096710169
2016-05-25,0.093420754
2016-05-26,0.09255948
2016-05-27,0.091718566
2016-05-28,0.088658684
2016-05-29,0.090242111
2016-05-30,0.093863003
2016-05-31,0.091252058
2016-06-01,0.087149049
2016-06-02,0.083166619
2016-06-03,0.078977732
2016-06-04,0.078738004
2016-06-05,0.084369907
2016-06-06,0.07403395
2016-06-07,0.066045269
2016-06-08,0.059780173
2016-06-09,0.056303297
2016-06-10,0.054830052
2016-06-11,0.054582488
2016-06-12,0.053304358
2016-06-13,0.04993877
2016-06-14,0.047354091
2016-06-15,0.068206935
2016-06-16,0.091107872
2016-06-17,0.091686735
2016-06-18,0.075533844
2016-06-19,0.063674464
2016-06-20,0.059371888
2016-06-21,0.059594604
2016-06-22,0.058379055
2016-06-23,0.088786894
2016-06-24,0.114827633
2016-06-25,0.087544067
2016-06-26,0.076567831
2016-06-27,0.07424056
2016-06-28,0.070539311
2016-06-29,0.059995866
2016-06-30,0.057488437
2016-07-01,0.055972859
2016-07-02,0.063604149
2016-07-03,0.079111545
2016-07-04,0.08337151
2016-07-05,0.091831033
2016-07-06,0.072893978
2016-07-07,0.064539819
2016-07-08,0.067059067
2016-07-09,0.064975731
2016-07-10,0.056891412
2016-07-11,0.054281642
2016-07-12,0.071938552
2016-07-13,0.074688235
2016-07-14,0.062020251
2016-07-15,0.057477193
2016-07-16,0.055359749
2016-07-17,0.05339136
2016-07-18,0.052368902
2016-07-19,0.049290545
2016-07-20,0.045910458
2016-07-21,0.041718853
2016-07-22,0.039466749
2016-07-23,0.038157762
2016-07-24,0.036715941
2016-07-25,0.039679292
2016-07-26,0.042130171
2016-07-27,0.048125912
2016-07-28,0.062401885
2016-07-29,0.063547624
2016-07-30,0.052463693
2016-07-31,0.062029532
2016-08-01,0.058876447
2016-08-02,0.054525322
2016-08-03,0.064273896
2016-08-04,0.067446921
2016-08-05,0.066423723
2016-08-06,0.062634032
2016-08-07,0.052711018
2016-08-08,0.054721963
2016-08-09,0.057619654
2016-08-10,0.061819687
2016-08-11,0.053945834
2016-08-12,0.049836232
2016-08-13,0.048001441
2016-08-14,0.046303886
2016-08-15,0.051538199
2016-08-16,0.051783631
2016-08-17,0.044601433
2016-08-18,0.040536121
2016-08-19,0.039413344
2016-08-20,0.040171338
2016-08-21,0.0404295
2016-08-22,0.035830814
2016-08-23,0.032506379
2016-08-24,0.031491826
2016-08-25,0.03162077
2016-08-26,0.031084436
2016-08-27,0.030188267
2016-08-28,0.028893393
2016-08-29,0.027137156
2016-08-30,0.026332398
2016-08-31,0.032553559
2016-09-01,0.04016448
2016-09-02,0.031236464
2016-09-03,0.026381101
2016-09-04,0.025439883
2016-09-05,0.024462857
2016-09-06,0.023861532
2016-09-07,0.022747867
2016-09-08,0.0222287
2016-09-09,0.021517498
2016-09-10,0.020848965
2016-09-11,0.020065255
2016-09-12,0.018324901
2016-09-13,0.01778807
2016-09-14,0.017945326
2016-09-15,0.016739702
2016-09-16,0.016180283
2016-09-17,0.01603451
2016-09-18,0.016108454
2016-09-19,0.059833554
2016-09-20,0.049250175
2016-09-21,0.040266389
2016-09-22,0.035553587
2016-09-23,0.033153155
2016-09-24,0.031782458
2016-09-25,0.029763548
2016-09-26,0.037766531
2016-09-27,0.053784439
2016-09-28,0.066493328
2016-09-29,0.133830582
2016-09-30,0.171588673
2016-10-01,0.110415943
2016-10-02,0.095886569
2016-10-03,0.089851329
2016-10-04,0.08930283
2016-10-05,0.088094787
2016-10-06,0.087519299
2016-10-07,0.134924236
2016-10-08,0.199755172
2016-10-09,0.132632933
2016-10-10,0.098218387
2016-10-11,0.093861503
2016-10-12,0.092123995
2016-10-13,0.092425806
2016-10-14,0.090015031
2016-10-15,0.087026796
2016-10-16,0.086139843
2016-10-17,0.087311582
2016-10-18,0.089008897
2016-10-19,0.090587378
2016-10-20,0.086818261
2016-10-21,0.08835032
2016-10-22,0.088192656
2016-10-23,0.086848313
2016-10-24,0.088391463
2016-10-25,0.085100348
2016-10-26,0.083931136
2016-10-27,0.085062078
2016-10-28,0.085334079
2016-10-29,0.085217213
2016-10-30,0.085086369
2016-10-31,0.084112139
2016-11-01,0.084330177
2016-11-02,0.084548215
2016-11-03,0.083993852
2016-11-04,0.086398123
2016-11-05,0.084438936
2016-11-06,0.084930835
2016-11-07,0.085352181
2016-11-08,0.088651764
2016-11-09,0.08573791
2016-11-10,0.087404959
2016-11-11,0.08381787
2016-11-12,0.08049679
2016-11-13,0.078908154
2016-11-14,0.078080249
2016-11-15,0.066586725
2016-11-16,0.059919739
2016-11-17,0.055509073
2016-11-18,0.054045555
2016-11-19,0.049344168
2016-11-20,0.053059008
2016-11-21,0.045263181
2016-11-22,0.042009391
2016-11-23,0.041117629
2016-11-24,0.040225866
2016-11-25,0.040070651
2016-11-26,0.038155953
2016-11-27,0.037242737
2016-11-28,0.036532616
2016-11-29,0.057633091
2016-11-30,0.067129028
2016-12-01,0.06367105
2016-12-02,0.053635464
2016-12-03,0.053430843
2016-12-04,0.053898816
2016-12-05,0.053064589
2016-12-06,0.077262466
2016-12-07,0.087488382
2016-12-08,0.061124832
2016-12-09,0.050035442
2016-12-10,0.040670854
2016-12-11,0.036419196
2016-12-12,0.033148413
2016-12-13,0.036406321
2016-12-14,0.029154105
2016-12-15,0.022852206
2016-12-16,0.022889127
2016-12-17,0.017691346
2016-12-18,0.017607234
2016-12-19,0.016209107
2016-12-20,0.0152413
2016-12-21,0.013166515
2016-12-22,0.012756699
2016-12-23,0.01270862
2016-12-24,0.018826052
2016-12-25,0.018832069
2016-12-26,0.012913585
2016-12-27,0.013032992
2016-12-28,0.013106619
2016-12-29,0.01575822
2016-12-30,0.015658043
2016-12-31,0.01311874
2017-01-01,0.012796691
2017-01-02,0.014560743
2017-01-03,0.020182264
2017-01-04,0.019636101
2017-01-05,0.01398204
2017-01-06,0.013686807
2017-01-07,0.013327228
2017-01-08,0.017356161
2017-01-09,0.018998706
2017-01-10,0.013621402
2017-01-11,0.019037699
2017-01-12,0.022910532
2017-01-13,0.024658651
2017-01-14,0.028742325
2017-01-15,0.022479918
2017-01-16,0.015311167
2017-01-17,0.016097848
2017-01-18,0.015826619
2017-01-19,0.013918632
2017-01-20,0.016794783
2017-01-21,0.020261456
2017-01-22,0.02617092
2017-01-23,0.051368244
2017-01-24,0.05716963
2017-01-25,0.035686592
2017-01-26,0.031254701
2017-01-27,0.031933606
2017-01-28,0.029756207
2017-01-29,0.03085254
2017-01-30,0.027609281
2017-01-31,0.024476306
2017-02-01,0.024362255
2017-02-02,0.021793331
2017-02-03,0.024546524
2017-02-04,0.018906
2017-02-05,0.016664617
2017-02-06,0.015684842
2017-02-07,0.015217938
2017-02-08,0.015744787
2017-02-09,0.01755182
2017-02-10,0.015262762
2017-02-11,0.013029495
2017-02-12,0.013220941
2017-02-13,0.013039086
2017-02-14,0.012566541
2017-02-15,0.013831445
2017-02-16,0.013649384
2017-02-17,0.012314663
2017-02-18,0.012336793
2017-02-19,0.012479003
2017-02-20,0.012318158
2017-02-21,0.012269211
2017-02-22,0.014431662
2017-02-23,0.014477495
2017-02-24,0.012292693
2017-02-25,0.012582375
2017-02-26,0.012478402
2017-02-27,0.012312683
2017-02-28,0.014456435
2017-03-01,0.017117662
2017-03-02,0.015011926
2017-03-03,0.012387145
2017-03-04,0.012261008
2017-03-05,0.012254628
2017-03-06,0.012263135
2017-03-07,0.013999335
2017-03-08,0.013999004
2017-03-09,0.012292595
2017-03-10,0.012466921
2017-03-11,0.012291015
2017-03-12,0.01280299
2017-03-13,0.01369074
2017-03-14,0.017085342
2017-03-15,0.015698094
2017-03-16,0.012746053
2017-03-17,0.016138468
2017-03-18,0.018031379
2017-03-19,0.013887428
2017-03-20,0.013042513
2017-03-21,0.01311338
2017-03-22,0.013398831
2017-03-23,0.012766989
2017-03-24,0.012379227
2017-03-25,0.012387513
2017-03-26,0.012967427
2017-03-27,0.013009955
2017-03-28,0.017045029
2017-03-29,0.016126912
2017-03-30,0.012583296
2017-03-31,0.027697794
2017-04-01,0.026111058
2017-04-02,0.013445561
2017-04-03,0.023316703
2017-04-04,0.023782837
2017-04-05,0.014471051
2017-04-06,0.018619667
2017-04-07,0.018522941
2017-04-08,0.013510743
2017-04-09,0.013101749
2017-04-10,0.012800918
2017-04-11,0.012636128
2017-04-12,0.012940321
2017-04-13,0.012761222
2017-04-14,0.012612461
2017-04-15,0.016831839
2017-04-16,0.016250243
2017-04-17,0.013484717
2017-04-18,0.014008776
2017-04-19,0.014544206
2017-04-20,0.016657485
2017-04-21,0.015133983
2017-04-22,0.021384099
2017-04-23,0.031787308
2017-04-24,0.079330465
2017-04-25,0.097807325
2017-04-26,0.063191638
2017-04-27,0.057651712
2017-04-28,0.058384213
2017-04-29,0.054039009
2017-04-30,0.050146954
2017-05-01,0.049116249
2017-05-02,0.049688772
2017-05-03,0.039118659
2017-05-04,0.038590969
2017-05-05,0.175692298
2017-05-06,0.130152831
2017-05-07,0.100283498
2017-05-08,0.095163864
2017-05-09,0.095226259
2017-05-10,0.095356688
2017-05-11,0.090671493
2017-05-12,0.098018384
2017-05-13,0.101286696
2017-05-14,0.087383282
2017-05-15,0.082018081
2017-05-16,0.068884496
2017-05-17,0.061342437
2017-05-18,0.052879437
2017-05-19,0.048656066
2017-05-20,0.051824504
2017-05-21,0.04720349
2017-05-22,0.047864511
2017-05-23,0.061463976
2017-05-24,0.103315373
2017-05-25,0.147801637
2017-05-26,0.110499809
2017-05-27,0.096807628
2017-05-28,0.092080249
2017-05-29,0.092243432
2017-05-30,0.087229156
2017-05-31,0.082321726
2017-06-01,0.074719382
2017-06-02,0.063934613
2017-06-03,0.054388549
2017-06-04,0.049644478
2017-06-05,0.063751366
2017-06-06,0.060262453
2017-06-07,0.045528784
2017-06-08,0.039601276
2017-06-09,0.03907839
2017-06-10,0.036083214
2017-06-11,0.033157909
2017-06-12,0.030752407
2017-06-13,0.038063469
2017-06-14,0.040209867
2017-06-15,0.045640508
2017-06-16,0.044915077
2017-06-17,0.053248227
2017-06-18,0.062399947
2017-06-19,0.058983407
2017-06-20,0.059991613
2017-06-21,0.047939926
2017-06-22,0.034551817
2017-06-23,0.027356701
2017-06-24,0.02819629
2017-06-25,0.018892062
2017-06-26,0.013466896
2017-06-27,0.013255605
2017-06-28,0.013300689
2017-06-29,0.012878813
2017-06-30,0.013075846
2017-07-01,0.013784891
2017-07-02,0.013328344
2017-07-03,0.012944454
2017-07-04,0.014438662
2017-07-05,0.022580342
2017-07-06,0.019161398
2017-07-07,0.014615203
2017-07-08,0.013765681
2017-07-09,0.012854727
2017-07-10,0.012988632
2017-07-11,0.012958896
2017-07-12,0.012766389
2017-07-13,0.014387422
2017-07-14,0.01414077
2017-07-15,0.012834149
2017-07-16,0.012641265
2017-07-17,0.01267321
2017-07-18,0.022317727
2017-07-19,0.018619078
2017-07-20,0.012870553
2017-07-21,0.012789286
2017-07-22,0.012989614
2017-07-23,0.013589067
2017-07-24,0.027764989
2017-07-25,0.025332248
2017-07-26,0.012523077
2017-07-27,0.014296821
2017-07-28,0.015830521
2017-07-29,0.017066694
2017-07-30,0.013641723
2017-07-31,0.01236737
2017-08-01,0.012378072
2017-08-02,0.016136466
2017-08-03,0.016213887
2017-08-04,0.013351559
2017-08-05,0.013708094
2017-08-06,0.012385403
2017-08-07,0.026612808
2017-08-08,0.021909248
2017-08-09,0.013742814
2017-08-10,0.01239517
2017-08-11,0.012924808
2017-08-12,0.013284474
2017-08-13,0.01279676
2017-08-14,0.012465794
2017-08-15,0.013665242
2017-08-16,0.013632133
2017-08-17,0.013649771
2017-08-18,0.013645525
2017-08-19,0.012444995
2017-08-20,0.012382641
2017-08-21,0.01499757
2017-08-22,0.015201559
2017-08-23,0.012299228
2017-08-24,0.012305668
2017-08-25,0.01235326
2017-08-26,0.012400853
2017-08-27,0.012516445
2017-08-28,0.012564037
2017-08-29,0.017309919
2017-08-30,0.018118771
2017-08-31,0.013331692
2017-09-01,0.021558624
2017-09-02,0.02544282
2017-09-03,0.016448264
2017-09-04,0.012557364
2017-09-05,0.013624428
2017-09-06,0.020144667
2017-09-07,0.019047831
2017-09-08,0.012497734
2017-09-09,0.012453027
2017-09-10,0.012408406
2017-09-11,0.012497744
2017-09-12,0.022124592
2017-09-13,0.023767176
2017-09-14,0.01433189
2017-09-15,0.012614221
2017-09-16,0.012448735
2017-09-17,0.012434364
2017-09-18,0.012603673
2017-09-19,0.012626082
2017-09-20,0.013226151
2017-09-21,0.01326267
2017-09-22,0.012599299
2017-09-23,0.012292381
2017-09-24,0.012254628
2017-09-25,0.012296161
2017-09-26,0.012337694
2017-09-27,0.012616538
2017-09-28,0.012338174
2017-09-29,0.012275855
2017-09-30,0.012329918
2017-10-01,0.012271642
2017-10-02,0.012273768
2017-10-03,0.012370068
2017-10-04,0.012370986
2017-10-05,0.012496906
2017-10-06,0.012547507
2017-10-07,0.012658822
2017-10-08,0.017502981
2017-10-09,0.032170737
2017-10-10,0.024224465
2017-10-11,0.022888901
2017-10-12,0.020775708
2017-10-13,0.01381685
2017-10-14,0.013077143
2017-10-15,0.01251247
2017-10-16,0.012939892
2017-10-17,0.013025711
2017-10-18,0.0128617
2017-10-19,0.012944177
2017-10-20,0.013075854
2017-10-21,0.013207531
2017-10-22,0.013339208
2017-10-23,0.031480005
2017-10-24,0.031611682
2017-10-25,0.013734239
2017-10-26,0.013906116
2017-10-27,0.014037793
2017-10-28,0.01548825
2017-10-29,0.020827706
2017-10-30,0.019600403
2017-10-31,0.0145243
2017-11-01,0.014660397
2017-11-02,0.014792074
2017-11-03,0.015038161
2017-11-04,0.018399923
2017-11-05,0.01841583
2017-11-06,0.015649007
2017-11-07,0.016493834
2017-11-08,0.016794236
2017-11-09,0.017760698
2017-11-10,0.017392065
2017-11-11,0.015972746
2017-11-12,0.017379933
2017-11-13,0.01751161
2017-11-14,0.015646062
2017-11-15,0.015576379
2017-11-16,0.015532713
2017-11-17,0.015162644
2017-11-18,0.015141817
2017-11-19,0.016758233
2017-11-20,0.01599504
2017-11-21,0.015334417
2017-11-22,0.016483588
2017-11-23,0.016473604
2017-11-24,0.015877643
2017-11-25,0.015582241
2017-11-26,0.015638088
2017-11-27,0.015462063
2017-11-28,0.015389067
2017-11-29,0.015124059
2017-11-30,0.014633165
2017-12-01,0.014954563
2017-12-02,0.013942258
2017-12-03,0.014082344
2017-12-04,0.01373432
2017-12-05,0.014301638
2017-12-06,0.014502926
2017-12-07,0.013293726
2017-12-08,0.013496561
2017-12-09,0.017449583
2017-12-10,0.017181927
2017-12-11,0.014167483
2017-12-12,0.01535518
2017-12-13,0.015269599
2017-12-14,0.013548846
2017-12-15,0.013542967
2017-12-16,0.01298554
2017-12-17,0.013467905
2017-12-18,0.014241937
2017-12-19,0.014182893
2017-12-20,0.013359667
2017-12-21,0.013359873
2017-12-22,0.013819048
2017-12-23,0.016276444
2017-12-24,0.015313033
2017-12-25,0.013537353
2017-12-26,0.013179486
2017-12-27,0.013252763
2017-12-28,0.013490642
2017-12-29,0.013999972
2017-12-30,0.013039316
2017-12-31,0.015595901