time,ShortWave,LongWave,AirTemp,RelHum,WindSpeed,Rain,Snow
2018-07-07 00:00,0,431.849693647103,21.75,98.1,1.106,0.00878868560110776,0
2018-07-07 01:00,0,431.849693647103,21.5453366578956,96.437640419159,1.02338335747883,0.00878868560110776,0
2018-07-07 02:00,0,431.849693647103,21.3406733157912,94.7752808383181,0.940766714957668,0.00878868560110776,0
2018-07-07 03:00,0,431.849693647103,21.1360099736868,93.1129212574772,0.858150072436502,0.00878868560110776,0
2018-07-07 04:00,0,431.849693647103,20.9313466315824,91.4505616766362,0.775533429915336,0.00878868560110776,0
2018-07-07 05:00,0,431.849693647103,20.726683289478,89.7882020957952,0.69291678739417,0.00878868560110776,0
2018-07-07 06:00,0,417.849693647103,20.5220199473736,88.1258425149543,0.610300144873004,0.000235086465107756,0
2018-07-07 07:00,0,417.849693647103,19.9626126583171,88.1131213893124,0.806643712638453,0.000235086465107756,0
2018-07-07 08:00,0,417.849693647103,19.1677563951591,87.9508799333653,1.19277947297411,0.000235086465107756,0
2018-07-07 09:00,0.313267861081727,417.849693647103,18.3168600751926,87.5000747325345,1.68050122054371,0.000235086465107756,0
2018-07-07 10:00,107.602906425933,417.849693647103,17.5893326157108,86.6216623722414,2.18160275001099,0.000235086465107756,0
2018-07-07 11:00,214.146343177362,417.849693647103,17.1645829340068,85.1765994379075,2.6078778560397,0.000235086465107756,0
2018-07-07 12:00,312.682388193495,416.849693647103,17.2220199473737,83.0258425149543,2.87112033329357,0,0
2018-07-07 13:00,396.494949606017,416.849693647103,17.9771125399662,78.0733297449619,2.96258357257477,0,0
2018-07-07 14:00,459.870675328189,416.849693647103,19.329427354781,69.5221817249196,2.95108321631273,0,0
2018-07-07 15:00,498.488303670476,416.849693647103,20.9845199473736,59.1821287233625,2.86475643661212,0,0
2018-07-07 16:00,509.713189648733,416.849693647103,22.6479458732995,48.8629010088258,2.73174040557759,0,0
2018-07-07 17:00,492.776932846593,416.849693647103,24.0252606881143,40.3742288498447,2.5801722953138,0,0
2018-07-07 18:00,448.829859945717,391.849693647103,24.8220199473736,35.5258425149543,2.43818927792542,0,0
2018-07-07 19:00,380.862777274625,391.849693647103,25.0334824171701,34.6436009303023,2.28201293642584,0,0
2018-07-07 20:00,293.503315804966,391.849693647103,24.8942554062779,36.3448916662901,2.08437784973402,0,0
2018-07-07 21:00,192.700736074112,391.849693647103,24.4689172842745,39.8767379578335,1.86819068381294,0,0
2018-07-07 22:00,85.3206612973291,391.849693647103,23.8220464207376,44.4861630398481,1.65635810462559,0,0
2018-07-07 23:00,0,391.849693647103,23.0182211852448,49.4201901472498,1.47178677813495,0,0
2018-07-08 00:00,0,350.968989475568,22.1220199473736,53.9258425149543,1.33738337030401,0,0
2018-07-08 01:00,0,350.968989475568,20.9502176688979,58.7694883286685,1.25477216471388,0,0
2018-07-08 02:00,0,350.968989475568,19.4145066465104,64.7067826376012,1.2059526853104,0,0
2018-07-08 03:00,0,350.968989475568,17.7218412521669,70.9686789719209,1.18439445860364,0,0
2018-07-08 04:00,0,350.968989475568,16.0791758578233,76.7861308617962,1.18356701110364,0,0
2018-07-08 05:00,0,350.968989475568,14.6934648354357,81.3900918373955,1.19693986932047,0,0
2018-07-08 06:00,0,319.968989475568,13.77166255696,84.0115154288875,1.21798255976417,0,0
2018-07-08 07:00,0,319.968989475568,13.2532390968667,84.6965659447401,1.25587301688421,0,0
2018-07-08 08:00,0,319.968989475568,12.960524972485,84.0697134225122,1.31767120636243,0,0
2018-07-08 09:00,13.6990249340847,319.968989475568,12.9247652200592,82.2293699860083,1.39366970155747,0,0
2018-07-08 10:00,166.747276549286,319.968989475568,13.1772048758336,79.2739477590332,1.47416107582798,0,0
2018-07-08 11:00,318.758180743595,319.968989475568,13.7490889760525,75.3018588653914,1.54943790253259,0,0
2018-07-08 12:00,459.371587856519,337.968989475568,14.67166255696,70.4115154288875,1.60979275502994,0,0
2018-07-08 13:00,579.003192772045,337.968989475568,16.2753660291822,63.192996910369,1.66591098773238,0,0
2018-07-08 14:00,669.497628451508,337.968989475568,18.6012914458489,53.2855895029616,1.72769561283545,0,0
2018-07-08 15:00,724.684243915427,337.968989475568,21.24666130696,42.3615154288875,1.78426569037262,0,0
2018-07-08 16:00,740.797691202484,337.968989475568,23.8086981125156,32.092996910369,1.82474028037737,0,0
2018-07-08 17:00,716.734654452498,337.968989475568,25.8846243625156,24.1522561696282,1.83823844288315,0,0
2018-07-08 18:00,654.129216780561,364.968989475568,27.07166255696,20.2115154288875,1.81387923792345,0,0
2018-07-08 19:00,557.241716615698,364.968989475568,27.2884293897201,21.0007487266844,1.73138529518484,0,0
2018-07-08 20:00,432.6686528715,364.968989475568,26.84087019957,25.3281730929488,1.59540589257788,0,0
2018-07-08 21:00,288.893391873782,364.968989475568,25.9072004538642,31.983375236991,1.43245006247196,0,0
2018-07-08 22:00,135.70827754423,364.968989475568,24.6656356199576,39.7559418681212,1.26902683723647,0,0
2018-07-08 23:00,0,364.968989475568,23.2943911652047,47.43545969565,1.13164524924081,0,0
2018-07-09 00:00,0,348.332477417872,21.97168255696,53.8115154288875,1.04681433085437,0,0
2018-07-09 01:00,0,348.332477417872,20.4358985055149,59.5870075924474,1.00487361099614,0,0
2018-07-09 02:00,0,348.332477417872,18.4921443790439,65.8708465238042,0.976671964202079,0,0
2018-07-09 03:00,0,348.332477417872,16.4187106317266,72.0616366515595,0.959482441267007,0,0
2018-07-09 04:00,0,348.332477417872,14.4938877177425,77.5579824043148,0.950578092985754,0,0
2018-07-09 05:00,0,348.332477417872,12.9959660912714,81.7584882106716,0.94723197015315,0,0
2018-07-09 06:00,0,339.332477417872,12.203236206493,84.0617584992316,0.946717123564023,0,0
2018-07-09 07:00,0,339.332477417872,12.1511270426928,84.4054074847839,0.946712061013955,0,0
2018-07-09 08:00,0,339.332477417872,12.6240920323843,83.2580744674052,0.946714469676037,0,0
2018-07-09 09:00,11.1978606730299,339.332477417872,13.5239583095888,80.8149015036281,0.946726169411359,0,0
2018-07-09 10:00,160.821937916142,339.332477417872,14.7525530083276,77.2710306499851,0.946748980081014,0,0
2018-07-09 11:00,309.457473806195,339.332477417872,16.2117032626218,72.8216039630088,0.946784721546092,0,0
2018-07-09 12:00,446.974123441689,372.332477417872,17.803236206493,67.6617634992316,0.946835213667684,0,0
2018-07-09 13:00,563.99839009465,372.332477417872,19.8699028731597,60.2937075733057,0.994317215920005,0,0
2018-07-09 14:00,652.552362452584,372.332477417872,22.5587917620485,50.2617622029354,1.10960892685334,0,0
2018-07-09 15:00,706.597409209389,372.332477417872,25.4782362064931,39.3242609992316,1.25215432494291,0,0
2018-07-09 16:00,722.445778310989,372.332477417872,28.2365695398263,29.2395375733057,1.3813973886639,0,0
2018-07-09 17:00,699.012045864762,372.332477417872,30.4421250953819,21.7659255362687,1.45678209649152,0,0
2018-07-09 18:00,637.887269673231,399.332477417872,31.703236206493,18.6617584992316,1.43775242690098,0,0
2018-07-09 19:00,543.230781341932,399.332477417872,31.875417649309,21.1272110711619,1.27882545573922,0,0
2018-07-09 20:00,421.486976009832,399.332477417872,31.243105712393,27.995651284964,1.00334941539545,0,0
2018-07-09 21:00,280.946383381455,399.332477417872,30.0580159976993,37.4752028876551,0.67401501915832,0,0
2018-07-09 22:00,131.18091537008,399.332477417872,28.5718641071819,47.7739896262521,0.353512980316454,0,0
2018-07-09 23:00,0,399.332477417872,27.0363656427951,57.1001352477719,0.104534012158486,0,0
2018-07-10 00:00,0,375.413874789151,25.703236206493,63.6617634992316,0,0,0
2018-07-10 01:00,0,375.413874789151,24.3898640160218,67.5824028252307,0.0364075597955807,0,0
2018-07-10 02:00,0,375.413874789151,22.8583542333671,70.3202599170755,0.199735663402257,0,0
2018-07-10 03:00,0,375.413874789151,21.2774978768431,72.0854758918433,0.434586837692835,0,0
2018-07-10 04:00,0,375.413874789151,19.8160859647636,73.088191866611,0.695794781567063,0,0
2018-07-10 05:00,0,375.413874789151,18.6429095154423,73.5385489584559,0.938193193924698,0,0
2018-07-10 06:00,0,369.413874789151,17.9267595471933,73.646688284455,1.11661577366549,0,0
2018-07-10 07:00,0,369.413874789151,17.6450189997801,73.4715109803591,1.23775635093887,0,0
2018-07-10 08:00,0,369.413874789151,17.6581316465044,72.8566843796567,1.3390867326549,0,0
2018-07-10 09:00,8.29729745153378,369.413874789151,17.959479755987,71.6894988960314,1.42160758285434,0,0
2018-07-10 10:00,153.067847582557,369.413874789151,18.5424455968489,69.857244943167,1.48631956557793,0,0
2018-07-10 11:00,296.905771725705,369.413874789151,19.4004114377106,67.2472129347469,1.53422334486642,0,0
2018-07-10 12:00,430.007474659794,407.413874789151,20.5267595471933,63.746693284455,1.56631958476056,0,0
2018-07-10 13:00,543.300133023881,407.413874789151,22.2512965842303,58.2020169881587,1.56798630524891,0,0
2018-07-10 14:00,629.059952260518,407.413874789151,24.6452780657117,50.4726179140847,1.53549857909658,0,0
2018-07-10 15:00,681.438552859199,407.413874789151,27.3142595471933,41.965440784455,1.48620264950916,0,0
2018-07-10 16:00,696.861612098149,407.413874789151,29.8637965842303,34.087430321492,1.43744475969221,0,0
2018-07-10 17:00,674.272588783597,407.413874789151,31.8994447323785,28.245531247418,1.4065711528513,0,0
2018-07-10 18:00,615.20491193215,430.413874789151,33.0267595471933,25.846688284455,1.410928072192,0.00499623542464256,0
2018-07-10 19:00,523.67770100922,430.413874789151,33.1014475176539,27.6421691552991,1.4651984351564,0.00499623542464256,0
2018-07-10 20:00,405.922109020419,430.413874789151,32.4102054971117,32.6566716267117,1.55844183066845,0.00499623542464256,0
2018-07-10 21:00,269.956921219665,430.413874789151,31.2050745876807,39.7072854870133,1.66956950915655,0.00499623542464256,0
2018-07-10 22:00,125.042315013699,430.413874789151,29.7380958914747,47.6111005245241,1.77749272104908,0.00499623542464256,0
2018-07-10 23:00,0,430.413874789151,28.2613105106076,55.1852065275645,1.86112271677443,0.00499623542464256,0
2018-07-11 00:00,0,411.088385668739,27.0267595471933,61.246693284455,1.89937074676099,0.000318098954807552,0
2018-07-11 01:00,0,411.088385668739,25.9090324321805,66.1901772485093,1.88361346500896,0.000318098954807552,0
2018-07-11 02:00,0,411.088385668739,24.6814141700678,71.040909879734,1.82899720197567,0.000318098954807552,0
2018-07-11 03:00,0,411.088385668739,23.4439892232941,75.5619334764883,1.7500877227752,0.000318098954807552,0
2018-07-11 04:00,0,411.088385668739,22.2968420542981,79.5162903371315,1.66145079252164,0.000318098954807552,0
2018-07-11 05:00,0,411.088385668739,21.3400571255187,82.6670227600229,1.57765217632907,0.000318098954807552,0
2018-07-11 06:00,0,392.088385668739,20.6737188993949,84.7771730435217,1.51325763931159,0,0
2018-07-11 07:00,0,392.088385668739,20.303751269314,85.6567146962454,1.46872487380515,0,0
2018-07-11 08:00,0,392.088385668739,20.1512714440024,85.4572085812303,1.43249280618568,0,0
2018-07-11 09:00,6.09284835812942,392.088385668739,20.1891538589075,84.4540780284633,1.4010990526272,0,0
2018-07-11 10:00,148.261379477508,392.088385668739,20.3902729494764,82.9227463679316,1.37108122930375,0,0
2018-07-11 11:00,289.536522737057,392.088385668739,20.7275031511565,81.138636929622,1.33897695238933,0,0
2018-07-11 12:00,420.289122703153,409.088385668739,21.1737188993949,79.3771730435217,1.30132383805798,0.0140556989548076,0
2018-07-11 13:00,531.6062244565,409.088385668739,21.8908485290245,77.1202285990773,1.25682055769092,0.0140556989548076,0
2018-07-11 14:00,615.898444907615,409.088385668739,22.9329781586541,74.0438397101884,1.20797675262516,0.0140556989548076,0
2018-07-11 15:00,667.417208292754,409.088385668739,24.1112188993949,70.7146730435217,1.15704649396844,0.0140556989548076,0
2018-07-11 16:00,682.646595023347,409.088385668739,25.2366818623578,67.6993952657439,1.10628385282849,0.0140556989548076,0
2018-07-11 17:00,660.543093721134,409.088385668739,26.1204781586541,65.5646730435217,1.05794290031305,0.0140556989548076,0
2018-07-11 18:00,602.606907609631,414.088385668739,26.5737188993949,64.8771730435217,1.01427770752985,0.0197580989548076,0
2018-07-11 19:00,512.779942611289,414.088385668739,26.5428124920841,66.0424692940798,0.97138405934331,0.0197580989548076,0
2018-07-11 20:00,397.177413651109,414.088385668739,26.1681517293339,68.6883432675299,0.926677855840121,0.0197580989548076,0
2018-07-11 21:00,263.671343167678,414.088385668739,25.5518242999171,72.2147727965356,0.884393340961438,0.0197580989548076,0
2018-07-11 22:00,121.35431913654,414.088385668739,24.7959178926064,76.0217357137603,0.848764758648412,0.0197580989548076,0
2018-07-11 23:00,0,414.088385668739,24.0025201961747,79.5092098518678,0.824026352842192,0.0197580989548076,0
2018-07-12 00:00,0,393.31984459881,23.2737188993948,82.0771730435217,0.814412367483929,0.00411710887292122,0
2018-07-12 01:00,0,393.31984459881,22.5149603502409,83.7804532066986,0.822831099042357,0.00411710887292122,0
2018-07-12 02:00,0,393.31984459881,21.6256636672895,85.1100336588633,0.846476811658301,0.00411710887292122,0
2018-07-12 03:00,0,393.31984459881,20.6988756952172,86.1201253319106,0.881012700781052,0.00411710887292122,0
2018-07-12 04:00,0,393.31984459881,19.8276432787003,86.8649391577358,0.9221019618599,0.00411710887292122,0
2018-07-12 05:00,0,393.31984459881,19.1050132624155,87.3986860682337,0.965407790344135,0.00411710887292122,0
2018-07-12 06:00,0,384.31984459881,18.6240324910394,87.7755769952996,1.00659338168305,0,0
2018-07-12 07:00,0,384.31984459881,18.3778700831485,87.9970118073238,1.04459858030417,0,0
2018-07-12 08:00,0,384.31984459881,18.2907223867168,88.0199017324683,1.08268079873356,0,0
2018-07-12 09:00,3.39538119297722,384.31984459881,18.3521770905172,87.8317247422857,1.12297958456835,0,0
2018-07-12 10:00,141.114697387856,384.31984459881,18.5518218833225,87.4199588083284,1.16763448540563,0,0
2018-07-12 11:00,277.989400921676,384.31984459881,18.8792444539056,86.7720819021489,1.21878504884251,0,0
2018-07-12 12:00,404.690038533489,408.31984459881,19.3240324910394,85.8755719952996,1.27857082247612,0.0164723088729212,0
2018-07-12 13:00,512.579613765612,408.31984459881,20.0349121206691,84.4072846689107,1.36454965452641,0.0164723088729212,0
2018-07-12 14:00,594.302161413996,408.31984459881,21.0499584169653,82.3126086619663,1.47852147655968,0.0164723088729212,0
2018-07-12 15:00,644.284084292076,408.31984459881,22.1927824910394,79.9818216827996,1.59898896119257,0.0164723088729212,0
2018-07-12 16:00,659.114084378008,408.31984459881,23.2869954540024,77.8052014397441,1.70445478104168,0.0164723088729212,0
2018-07-12 17:00,637.775789878586,408.31984459881,24.1562084169653,76.1730256411329,1.77342160872364,0.0164723088729212,0
2018-07-12 18:00,581.717214602314,409.31984459881,24.6240324910394,75.4755719952996,1.78439211685508,0.0525011088729212,0
2018-07-12 19:00,494.752302689674,409.31984459881,24.6344661384056,75.9388650791629,1.72378157533819,0.0525011088729212,0
2018-07-12 20:00,382.80125282246,409.31984459881,24.3174201626111,77.2958876414399,1.60607090006013,0.0525011088729212,0
2018-07-12 21:00,253.487301974537,409.31984459881,23.7753741868166,79.1973546481614,1.45186123261492,0.0525011088729212,0
2018-07-12 22:00,115.61743097446,409.31984459881,23.1108078341828,81.293981065358,1.28175371459658,0.0525011088729212,0
2018-07-12 23:00,0,409.31984459881,22.4262007278702,83.2364818590605,1.11634948759915,0.0525011088729212,0
2018-07-13 00:00,0,405.292745596618,21.8240324910394,84.6755719952996,0.976249693216647,0.00595241501082431,0
2018-07-13 01:00,0,405.292745596618,21.2161244102833,85.6785259384959,0.850266760467253,0.00595241501082431,0
2018-07-13 02:00,0,405.292745596618,20.502857044392,86.5382266087091,0.719682261879375,0.00595241501082431,0
2018-07-13 03:00,0,405.292745596618,19.7695489248219,87.2438016554281,0.593801054312401,0.00595241501082431,0
2018-07-13 04:00,0,405.292745596618,19.1015185830296,87.784378728142,0.481927994625718,0.00595241501082431,0
2018-07-13 05:00,0,405.292745596618,18.5840845504716,88.14908547634,0.393367939678706,0.00595241501082431,0
2018-07-13 06:00,0,439.292745596618,18.3025653586044,88.3270495495109,0.337425746330753,0.000682015010824315,0
2018-07-13 07:00,0,439.292745596618,18.2684526773292,88.3769599084485,0.315679418351956,0.000682015010824315,0
2018-07-13 08:00,0,439.292745596618,18.4157900154611,88.3521377619061,0.321000671008825,0.000682015010824315,0
2018-07-13 09:00,0,439.292745596618,18.7137236628272,88.2336591313126,0.349634928405368,0.000682015010824315,0
2018-07-13 10:00,64.5298672719624,439.292745596618,19.131399909255,88.0026000380964,0.397827614645591,0.000682015010824315,0
2018-07-13 11:00,142.335873810133,439.292745596618,19.6379650445716,87.6400365036863,0.461824153833504,0.000682015010824315,0
2018-07-13 12:00,214.369668369581,439.292745596618,20.2025653586044,87.1270445495109,0.537869970073113,0.00491561466522432,0
2018-07-13 13:00,275.720670578433,439.292745596618,20.9449264697155,85.5264563849865,0.643061144860996,0.00491561466522432,0
2018-07-13 14:00,322.205788651629,439.292745596618,21.9136764697155,82.424514743364,0.783820555213267,0.00491561466522432,0
2018-07-13 15:00,350.654518150386,439.292745596618,22.9713153586044,78.5874114318245,0.940383818513227,0.00491561466522432,0
2018-07-13 16:00,359.125068767559,439.292745596618,23.9803431363822,74.7813382575486,1.09298655214418,0.00491561466522432,0
2018-07-13 17:00,347.036786221119,439.292745596618,24.8032598030488,71.7724870277171,1.22186437348942,0.00491561466522432,0
2018-07-13 18:00,315.209838615403,449.292745596618,25.3025653586044,70.3270495495109,1.30725289993226,0.00543401501082431,0
2018-07-13 19:00,265.809454763407,449.292745596618,25.4442220737089,70.7122594527256,1.34617031054002,0.00543401501082431,0
2018-07-13 20:00,202.198505495818,449.292745596618,25.3314224024941,72.3686100175758,1.35383174721952,0.00543401501082431,0
2018-07-13 21:00,128.708464783433,449.292745596618,25.0325116201684,74.8221825268705,1.33776827161332,0.00543401501082431,0
2018-07-13 22:00,50.3443499648831,449.292745596618,24.6158350019395,77.5990582634185,1.30551094536396,0.00543401501082431,0
2018-07-13 23:00,0,449.292745596618,24.1497378230155,80.225318510029,1.26459083011399,0.00543401501082431,0
2018-07-14 00:00,0,430.582069259208,23.7025653586044,82.2270445495109,1.22253898750595,0.000201044423329445,0
2018-07-14 01:00,0,430.582069259208,23.1893357529998,83.756248050183,1.17825470369956,0.000201044423329445,0
2018-07-14 02:00,0,430.582069259208,22.5383764148937,85.2224663194619,1.12549298661272,0.000201044423329445,0
2018-07-14 03:00,0,430.582069259208,21.8379965160926,86.5380690988033,1.06406848052526,0.000201044423329445,0
2018-07-14 04:00,0,430.582069259208,21.1765052284026,87.6154261296626,0.993795829717041,0.000201044423329445,0
2018-07-14 05:00,0,430.582069259208,20.6422117236299,88.3669071534955,0.914489678467899,0.000201044423329445,0
2018-07-14 06:00,0,399.582069259208,20.3234251735807,88.7048819117574,0.825964671057681,0,0
2018-07-14 07:00,0,399.582069259208,20.1658336350956,88.7582027025648,0.693876249296976,0,0
2018-07-14 08:00,0,399.582069259208,20.0879273820975,88.6572708343923,0.511503786124017,0,0
2018-07-14 09:00,0,399.582069259208,20.1372189120167,88.3167795642327,0.320097822510138,0,0
2018-07-14 10:00,131.243532309108,399.582069259208,20.3612207222836,87.6514221490786,0.16090889942667,0,0
2018-07-14 11:00,262.681830208223,399.582069259208,20.8074453103281,86.5758918459226,0.075187557844938,0,0
2018-07-14 12:00,384.387006305312,426.582069259208,21.5234051735807,85.0048819117574,0.104184338736275,2.82444233294455e-05,0
2018-07-14 13:00,488.062116047454,426.582069259208,22.7500243865438,80.5353087654573,0.30228005059467,2.82444233294455e-05,0
2018-07-14 14:00,566.638033344672,426.582069259208,24.4974777661733,72.129606062271,0.64735042234187,2.82444233294455e-05,0
2018-07-14 15:00,614.75525601826,426.582069259208,26.4671539235808,61.7507429137532,1.06588837559081,2.82444233294455e-05,0
2018-07-14 16:00,629.129261159486,426.582069259208,28.360441469877,51.3616884314587,1.48438683195442,2.82444233294455e-05,0
2018-07-14 17:00,608.774504250653,426.582069259208,29.8787290161733,42.9254117269418,1.82933871304566,2.82444233294455e-05,0
2018-07-14 18:00,555.071785622257,437.582069259208,30.7234051735807,38.4048819117574,2.02723694047745,0.000460244423329445,0
2018-07-14 19:00,471.674379377728,437.582069259208,30.8192385053612,38.307537428655,2.05813086093918,0.000460244423329445,0
2018-07-14 20:00,364.259306248061,437.582069259208,30.3900718352781,41.164490676941,1.97683600647837,0.000460244423329445,0
2018-07-14 21:00,240.140684360922,437.582069259208,29.5859051651951,45.9742217030049,1.82199457674519,0.000460244423329445,0
2018-07-14 22:00,107.771491538574,437.582069259208,28.5567384969756,51.7352105532358,1.63224877138977,0.000460244423329445,0
2018-07-14 23:00,0,437.582069259208,27.4525718324829,57.4459372740235,1.44624079006229,0.000460244423329445,0
2018-07-15 00:00,0,413.567603076078,26.4234051735807,62.1048819117574,1.30261283241288,0,0
2018-07-15 01:00,0,413.567603076078,25.2856737082493,66.2630052767621,1.19790852814493,0,0
2018-07-15 02:00,0,413.567603076078,23.882664472594,70.8317154939913,1.10052284347897,0,0
2018-07-15 03:00,0,413.567603076078,22.4046552406655,75.3501635817773,1.00687498284094,0,0
2018-07-15 04:00,0,413.567603076078,21.0419237865149,79.357500558452,0.913384150656765,0,0
2018-07-15 05:00,0,413.567603076078,19.9847478841929,82.3928774423479,0.816469551352382,0,0
2018-07-15 06:00,0,403.567603076078,19.4234053077503,83.9954452517972,0.712550389353714,0,0
2018-07-15 07:00,0,403.567603076078,19.4210905007,83.9944361626792,0.564982424908985,0,0
2018-07-15 08:00,0,403.567603076078,19.8382201325036,82.7243757955039,0.369301446527089,0,0
2018-07-15 09:00,0,403.567603076078,20.5609053161359,80.4823553355497,0.170196701024972,0,0
2018-07-15 10:00,119.710952427658,403.567603076078,21.4752571645714,77.5654659680951,0.0123574352196067,0,0
2018-07-15 11:00,243.113686838209,403.567603076078,22.4673867907846,74.2707988784182,0,0,0
2018-07-15 12:00,357.394186339112,435.567603076078,23.4234053077503,70.8954452517972,0,0.000102161945615736,0
2018-07-15 13:00,454.761438657764,435.567603076078,24.5231738262689,66.5530844045751,0.263536071105487,0.000102161945615736,0
2018-07-15 14:00,528.576185494,435.567603076078,25.8937756781207,60.8287792517974,0.712612788643838,0.000102161945615736,0
2018-07-15 15:00,573.803438145785,435.567603076078,27.3421553077503,54.7266963767972,1.24764423269591,0.000102161945615736,0
2018-07-15 16:00,587.355719345065,435.567603076078,28.6752571596021,49.2510023629084,1.76981215337557,0.000102161945615736,0
2018-07-15 17:00,568.303632045246,435.567603076078,29.7000256781207,45.405863793464,2.18029830079674,0.000102161945615736,0
2018-07-15 18:00,517.939394123184,443.567603076078,30.2234053077503,44.1954472517972,2.38028442507335,0.00969256194561574,0
2018-07-15 19:00,439.688995624623,443.567603076078,30.1723333107706,46.379483506396,2.31467800412199,0.00969256194561574,0
2018-07-15 20:00,338.878949775172,443.567603076078,29.6866415840816,51.3065854442911,2.0515151334349,0.00969256194561574,0
2018-07-15 21:00,222.373517680982,443.567603076078,28.8926165240593,57.864242826631,1.67667048948931,0.00969256194561574,0
2018-07-15 22:00,98.1071142332753,443.567603076078,27.9165445270795,64.9399454145631,1.27601874876249,0.00969256194561574,0
2018-07-15 23:00,0,443.567603076078,26.8847119895179,71.4211829692357,0.935434587731685,0.00969256194561574,0
2018-07-16 00:00,0,419.299978688183,25.9234053077503,76.1954452517972,0.740792682874143,0,0
2018-07-16 01:00,0,419.299978688183,24.8759892615256,79.4045432432229,0.661607359676339,0,0
2018-07-16 02:00,0,419.299978688183,23.6101076896928,81.9668473307896,0.607318279716843,0,0
2018-07-16 03:00,0,419.299978688183,22.2884655772782,83.9346863850971,0.57368812361109,0,0
2018-07-16 04:00,0,419.299978688183,21.0737679093082,85.3603892767445,0.55647957197452,0,0
2018-07-16 05:00,0,419.299978688183,20.1287196708088,86.2962848763314,0.551455305422568,0,0
2018-07-16 06:00,0,422.299978688183,19.6160258468062,86.7947020544573,0.554378004570669,0,0
2018-07-16 07:00,0,422.299978688183,19.5549506465201,86.9805709234332,0.578060887284383,0,0
2018-07-16 08:00,0,422.299978688183,19.8191829237733,86.9110990917199,0.629385486357755,0,0
2018-07-16 09:00,0,422.299978688183,20.3530646304972,86.5370316741415,0.695216954798956,0,0
2018-07-16 10:00,118.662625800611,422.299978688183,21.1009377186231,85.8091137855222,0.762420445616146,0,0
2018-07-16 11:00,242.378467376625,422.299978688183,22.0071441400823,84.6780905406861,0.817861111817492,0,0
2018-07-16 12:00,356.963800037003,443.299978688183,23.0160258468062,83.0947070544573,0.848404106411164,0,0
2018-07-16 13:00,454.606602579959,443.299978688183,24.3868589486581,78.9542099928946,0.858849367160469,0,0
2018-07-16 14:00,528.648592176837,443.299978688183,26.2160251060654,71.4197588823239,0.864452939957188,0,0
2018-07-16 15:00,574.039045044746,443.299978688183,28.2035245968062,62.3439681279695,0.867764140002198,0,0
2018-07-16 16:00,587.679119337113,443.299978688183,30.0493576986581,53.5794521350572,0.87133228249637,0,0
2018-07-16 17:00,568.633206719822,443.299978688183,31.4535246893988,46.9788253088115,0.877706682640577,0,0
2018-07-16 18:00,518.192897677804,447.299978688183,32.1160258468062,44.3947020544573,0.889436655635695,0.0379536056088052,0
2018-07-16 19:00,439.78918733257,447.299978688183,31.8856437463361,47.0819379824699,0.931137011584611,0.0379536056088052,0
2018-07-16 20:00,338.758889282705,447.299978688183,30.9721346808574,53.8094126907644,1.00990522989675,0.0379536056088052,0
2018-07-16 21:00,221.981160100092,447.299978688183,29.6169595042675,62.7007765657259,1.10201462973281,0.0379536056088052,0
2018-07-16 22:00,97.4088895942701,447.299978688183,28.061579070464,71.8796799937385,1.18373853025345,0.0379536056088052,0
2018-07-16 23:00,0,447.299978688183,26.5474542333445,79.4697733611873,1.23135025061935,0.0379536056088052,0
2018-07-17 00:00,0,433.213181589406,25.3160458468062,83.5947070544573,1.2211231099912,0.000539959505909024,0
2018-07-17 01:00,0,433.213181589406,24.2469069972513,85.0807558587297,1.1291844936352,0.000539959505909024,0
2018-07-17 02:00,0,433.213181589406,23.1227796188419,86.0728185350335,0.969741223276048,0.000539959505909024,0
2018-07-17 03:00,0,433.213181589406,22.0399078371164,86.6724814335239,0.776185772762154,0.000539959505909024,0
2018-07-17 04:00,0,433.213181589406,21.0945357776132,86.9813309043562,0.581910615941953,0.000539959505909024,0
2018-07-17 05:00,0,433.213181589406,20.3829075658705,87.1009532976856,0.420308226663855,0.000539959505909024,0
2018-07-17 06:00,0,414.213181589406,20.0012673274267,87.1329349636675,0.324771078776276,0,0
2018-07-17 07:00,0,414.213181589406,19.9684676445923,87.1416993931098,0.292337749690541,0,0
2018-07-17 08:00,0,414.213181589406,20.2112837333986,87.1005054680699,0.295701975810172,0,0
2018-07-17 09:00,0,414.213181589406,20.6878436699655,86.9741926255767,0.33173896947191,0,0
2018-07-17 10:00,120.272914701194,414.213181589406,21.3562755304126,86.7276003026593,0.397323943012487,0,0
2018-07-17 11:00,246.500355276925,414.213181589406,22.1747073908598,86.3255679363465,0.489332108768643,0,0
2018-07-17 12:00,363.426030416156,445.213181589406,23.1012673274267,85.7329349636675,0.604638679077121,0.00408235950590903,0
2018-07-17 13:00,463.078130971053,445.213181589406,24.3512673274267,82.9378053339089,0.786800171638755,0.00408235950590903,0
2018-07-17 14:00,538.66112073678,445.213181589406,26.0012673274266,77.0036136997988,1.04702772012433,0.00408235950590903,0
2018-07-17 15:00,585.01892068238,445.213181589406,27.8012673274268,69.5081955535281,1.33367846082549,0.00408235950590903,0
2018-07-17 16:00,598.986422662889,445.213181589406,29.5012673274267,62.0293863872887,1.59510953003387,0.00408235950590903,0
2018-07-17 17:00,579.605368278794,445.213181589406,30.8512673274267,56.1450216932714,1.7796780640411,0.00408235950590903,0
2018-07-17 18:00,528.18986862052,451.213181589406,31.6012673274267,53.4329369636675,1.83574119913883,0.011512759505909,0
2018-07-17 19:00,448.237084998179,451.213181589406,31.664407422322,54.5036789518144,1.71810170342156,0.011512759505909,0
2018-07-17 20:00,345.189141436786,451.213181589406,31.2233156310916,58.2170886146265,1.4590344214749,0.011512759505909,0
2018-07-17 21:00,226.062477794349,451.213181589406,30.4322238398611,63.524942749661,1.12310460432707,0.011512759505909,0
2018-07-17 22:00,98.9698869645865,451.213181589406,29.4453639347563,69.3790181544745,0.774877503006377,0.011512759505909,0
2018-07-17 23:00,0,451.213181589406,28.4169678019029,74.7310916266243,0.478918368541046,0.011512759505909,0
2018-07-18 00:00,0,428.357843420701,27.5012673274267,78.5329399636675,0.299792451959331,0.00332633700919182,0
2018-07-18 01:00,0,428.357843420701,26.5754436738495,80.9042970803471,0.25583802517407,0.00332633700919182,0
2018-07-18 02:00,0,428.357843420701,25.4915475647751,82.7076883215665,0.299070541745216,0.00332633700919182,0
2018-07-18 03:00,0,428.357843420701,24.366115227952,84.0090776301221,0.394571025171734,0.00332633700919182,0
2018-07-18 04:00,0,428.357843420701,23.315682891129,84.8744289488105,0.507420498952577,0.00332633700919182,0
2018-07-18 05:00,0,428.357843420701,22.4567867820546,85.3697062204282,0.60269998658671,0.00332633700919182,0
2018-07-18 06:00,0,416.357843420701,21.9059631284773,85.5608733877717,0.645490511573094,0,0
2018-07-18 07:00,0,416.357843420701,21.6506790891863,85.5999362232325,0.649155980981471,0,0
2018-07-18 08:00,0,416.357843420701,21.5951991137403,85.5932965552835,0.651439067651734,0,0
2018-07-18 09:00,0,416.357843420701,21.7312553660429,85.5385124108439,0.653988943738063,0,0
2018-07-18 10:00,130.944520029268,416.357843420701,22.0505800099976,85.4331418168327,0.658454781394638,0,0
2018-07-18 11:00,267.224742145892,416.357843420701,22.544905209508,85.2747428001689,0.666485752775638,0,0
2018-07-18 12:00,393.476444671325,437.357843420701,23.2059631284773,85.0608733877717,0.679731030035244,0.00427673700919181,0
2018-07-18 13:00,501.091734514044,437.357843420701,24.2561972488477,83.0388234331716,0.773182835455494,0.00427673700919181,0
2018-07-18 14:00,582.731788353672,437.357843420701,25.7467105358847,78.3490938903281,0.984371771672489,0.00427673700919181,0
2018-07-18 15:00,632.827076539473,437.357843420701,27.4122243784774,72.3290594368035,1.25875458137151,0.00427673700919181,0
2018-07-18 16:00,647.957072633211,437.357843420701,28.9874601655143,66.316094750161,1.5417880072378,0.00427673700919181,0
2018-07-18 17:00,627.083561401067,437.357843420701,30.2071392858847,61.6475745079629,1.77892879195663,0.00427673700919181,0
2018-07-18 18:00,571.621631659997,442.357843420701,30.8059831284773,59.6608733877717,1.91563367821329,0.0174959370091918,0
2018-07-18 19:00,485.343499434118,442.357843420701,30.6647456651879,60.8918285691132,1.9467882530753,0.0174959370091918,0
2018-07-18 20:00,374.121697890167,442.357843420701,29.9718005792843,64.3777077458422,1.91500423980796,0.0174959370091918,0
2018-07-18 21:00,245.529117308636,442.357843420701,28.9232988267141,69.2080313670158,1.83732758539317,0.0174959370091918,0
2018-07-18 22:00,108.323134918102,442.357843420701,27.7153913634246,74.4723198816906,1.73080423681282,0.0174959370091918,0
2018-07-18 23:00,0,442.357843420701,26.5442291453632,79.2600937389235,1.6124801410488,0.0174959370091918,0
2018-07-19 00:00,0,432.336144146007,25.6059631284773,82.6608733877717,1.49940124508299,0,0
2018-07-19 01:00,0,432.336144146007,24.8302352559473,84.7463133694546,1.3732953784356,0,0
2018-07-19 02:00,0,432.336144146007,24.0460531516513,86.2591282329709,1.21687134942513,0,0
2018-07-19 03:00,0,432.336144146007,23.2986162925834,87.2954284390454,1.04864657323099,0,0
2018-07-19 04:00,0,432.336144146007,22.6331241557377,87.9513244484029,0.887138465032579,0,0
2018-07-19 05:00,0,432.336144146007,22.0947762181084,88.3229267217682,0.750864440009305,0,0
2018-07-19 06:00,0,413.336144146007,21.7287719566895,88.5063457198664,0.65834191334056,0.0068097660648892,0
2018-07-19 07:00,0,413.336144146007,21.5203694583222,88.5823090888191,0.5979423544134,0.0068097660648892,0
2018-07-19 08:00,0,413.336144146007,21.4304607587793,88.5542762595737,0.55252612496171,0.0068097660648892,0
2018-07-19 09:00,0,413.336144146007,21.4676962584527,88.4024553700929,0.532343978685152,0.0068097660648892,0
2018-07-19 10:00,106.000656226134,413.336144146007,21.6407263577344,88.1070545583395,0.547646669283389,0.0068097660648892,0
2018-07-19 11:00,222.902417593297,413.336144146007,21.958201457016,87.6482819622764,0.608684950456082,0.0068097660648892,0
2018-07-19 12:00,331.212667955464,436.336144146007,22.4287719566895,87.0063457198664,0.725709575902901,0.0059457660648892,0
2018-07-19 13:00,423.546555583689,436.336144146007,23.2095616326154,84.8338119678323,0.937868456959021,0.0059457660648892,0
2018-07-19 14:00,493.607153528713,436.336144146007,24.3250749196525,80.4855026283739,1.24479057293176,0.0059457660648892,0
2018-07-19 15:00,536.614674326075,436.336144146007,25.5850332066895,74.9950095176695,1.59744827947896,0.0059457660648892,0
2018-07-19 16:00,549.632345497956,436.336144146007,26.7991578826154,69.3959244518979,1.94681393225846,0.0059457660648892,0
2018-07-19 17:00,531.766728338527,436.336144146007,27.7771703363191,64.7218392472374,2.24385988692809,0.0059457660648892,0
2018-07-19 18:00,484.22881606607,445.336144146007,28.3287919566895,62.0063457198664,2.43955849914572,0.0056865660648892,0
2018-07-19 19:00,410.25173305519,445.336144146007,28.396459260419,61.4031943329111,2.51546985442946,0.0056865660648892,0
2018-07-19 20:00,314.870628235831,445.336144146007,28.120882439735,62.116261726054,2.50712808535667,0.0056865660648892,0
2018-07-19 21:00,204.579747028936,445.336144146007,27.6091933968288,63.7543289803081,2.44646661817402,0.0056865660648892,0
2018-07-19 22:00,86.8900373845914,445.336144146007,26.9685240338916,65.9261771766862,2.36541887912819,0.0056865660648892,0
2018-07-19 23:00,0,445.336144146007,26.3060062531148,68.2405873962012,2.29591829446584,0.0056865660648892,0
2018-07-20 00:00,0,427.169783040018,25.7287719566895,70.3063407198664,2.26989829043365,0.0033421349611862,0
2018-07-20 01:00,0,427.169783040018,25.1718236275324,72.3873030400342,2.29322950680431,0.0033421349611862,0
2018-07-20 02:00,0,427.169783040018,24.5364562404738,74.8492226703649,2.34153933053502,0.0033421349611862,0
2018-07-20 03:00,0,427.169783040018,23.8792404355754,77.4537043238327,2.40139630864923,0.0033421349611862,0
2018-07-20 04:00,0,427.169783040018,23.2567468528994,79.9623527134115,2.45936898817035,0.0033421349611862,0
2018-07-20 05:00,0,427.169783040018,22.7255461325074,82.1367725520756,2.50202591612181,0.0033421349611862,0
2018-07-20 06:00,0,434.169783040018,22.3422089144614,83.738568552799,2.51593563952705,0.0045517349611862,0
2018-07-20 07:00,0,434.169783040018,22.0763174421103,84.9239983463715,2.50557263969935,0.0045517349611862,0
2018-07-20 08:00,0,434.169783040018,21.8765316520742,85.9150296885718,2.48257697528265,0.0045517349611862,0
2018-07-20 09:00,0,434.169783040018,21.7680387243221,86.5718324798573,2.4442655592963,0.0045517349611862,0
2018-07-20 10:00,74.3590323186773,434.169783040018,21.7760258388233,86.7545766206854,2.38795530475964,0.0045517349611862,0
2018-07-20 11:00,165.862027426025,434.169783040018,21.9256801755467,86.3234320115136,2.31096312469203,0.0045517349611862,0
2018-07-20 12:00,250.647919255374,440.169783040018,22.2421889144614,85.138568552799,2.21060593211281,0.0034285347883862,0
2018-07-20 13:00,322.935635650806,440.169783040018,22.8706599792762,82.523059953262,2.07436111665088,0.0034285347883862,0
2018-07-20 14:00,377.795175545718,440.169783040018,23.8199652107576,78.4533850342806,1.90187062581653,0.0034285347883862,0
2018-07-20 15:00,411.483656596301,440.169783040018,24.9109376644614,73.769821365299,1.70869820945121,0.0034285347883862,0
2018-07-20 16:00,421.700502611972,440.169783040018,25.9644103959428,69.3126465157621,1.51040761739643,0.0034285347883862,0
2018-07-20 17:00,407.744372230969,440.169783040018,26.8012164607576,65.9221380551139,1.32256259949365,0.0034285347883862,0
2018-07-20 18:00,370.561124244898,448.169783040018,27.2421889144614,64.438573552799,1.16072690558436,0.0067981349611862,0
2018-07-20 19:00,312.679539130578,448.169783040018,27.2283247691623,65.2986641678441,1.01671969545692,0.0067981349611862,0
2018-07-20 20:00,238.039164861923,448.169783040018,26.8911569828374,67.9175300764988,0.876453801195815,0.0067981349611862,0
2018-07-20 21:00,151.722006763407,448.169783040018,26.337322529846,71.6030623740425,0.74663348108671,0.0067981349611862,0
2018-07-20 22:00,59.6063350200345,448.169783040018,25.6734583845469,75.6631521557542,0.633962993415295,0.0067981349611862,0
2018-07-20 23:00,0,448.169783040018,25.006201521299,79.4056905169133,0.545146596467243,0.0067981349611862,0
2018-07-21 00:00,0,429.242113955665,24.4421889144614,82.138568552799,0.486888548528226,0.0114388059888752,0
2018-07-21 01:00,0,429.242113955665,23.896550622195,83.9793175336563,0.462157737276081,0.0114388059888752,0
2018-07-21 02:00,0,429.242113955665,23.2670030766447,85.5051308373109,0.46618453361783,0.0114388059888752,0
2018-07-21 03:00,0,429.242113955665,22.6340628131457,86.713392720413,0.494065420682942,0.0114388059888752,0
2018-07-21 04:00,0,429.242113955665,22.0782463670331,87.6014874396122,0.540896881600883,0.0114388059888752,0
2018-07-21 05:00,0,429.242113955665,21.6800702736419,88.1667992515589,0.601775399501121,0.0114388059888752,0
2018-07-21 06:00,0,427.242113955665,21.5200510683073,88.4067124129028,0.671797457513127,0.0001204059888752,0
2018-07-21 07:00,0,427.242113955665,21.5110029565561,88.4522421488249,0.74724946829793,0.0001204059888752,0
2018-07-21 08:00,0,427.242113955665,21.5121218878518,88.4172850057302,0.831311527884166,0.0001204059888752,0
2018-07-21 09:00,0,427.242113955665,21.5234970134346,88.2735472221046,0.929420644452704,0.0001204059888752,0
2018-07-21 10:00,107.372532791542,427.242113955665,21.5452174845446,87.9927350364341,1.0470138261844,0.0001204059888752,0
2018-07-21 11:00,227.940136812552,427.242113955665,21.5773724524221,87.5465546872049,1.18952808126012,0.0001204059888752,0
2018-07-21 12:00,339.666141572795,443.242113955665,21.6200510683074,86.9067124129028,1.36240041786074,0,0
2018-07-21 13:00,434.932360333334,443.242113955665,22.3154007143507,83.1346491091924,1.61822767902177,0,0
2018-07-21 14:00,507.241442597597,443.242113955665,23.992320837465,74.8286936063759,1.96317962680565,0,0
2018-07-21 15:00,551.659766242401,443.242113955665,26.1810286860342,64.2658840448955,2.33305264793356,0,0
2018-07-21 16:00,565.153816456141,443.242113955665,28.4117415084418,53.7232585651949,2.66364312912668,0,0
2018-07-21 17:00,546.797116812032,443.242113955665,30.2146765530716,45.4778553077164,2.8907474571062,0,0
2018-07-21 18:00,497.833596603781,440.242113955665,31.1200510683074,41.8067124129028,2.95016201859331,0.0100564059888752,0
2018-07-21 19:00,421.593060296433,440.242113955665,31.0048584710286,43.6314139445944,2.7831683783743,0.0100564059888752,0
2018-07-21 20:00,323.264503119414,440.242113955665,30.2203236459041,49.3146462032047,2.42938574002951,0.0100564059888752,0
2018-07-21 21:00,209.542704696327,440.242113955665,29.0080110430019,57.2951006840377,1.97211694847109,0.0100564059888752,0
2018-07-21 22:00,88.1721699395269,440.242113955665,27.6094851123898,66.0114688823959,1.49466484861129,0.0100564059888752,0
2018-07-21 23:00,0,440.242113955665,26.2663103041357,73.902442293583,1.08033228536227,0.0100564059888752,0
2018-07-22 00:00,0,421.50973834356,25.2200510683073,79.4067124129028,0.812422103636227,0,0
2018-07-22 01:00,0,421.50973834356,24.4001839411177,82.6016950555846,0.709089056692015,0,0
2018-07-22 02:00,0,421.50973834356,23.5993526697551,84.751920188432,0.707321819251639,0,0
2018-07-22 03:00,0,421.50973834356,22.8538725207505,86.0767505341084,0.768674118422054,0,0
2018-07-22 04:00,0,421.50973834356,22.2000587606348,86.795548815277,0.854699681310208,0,0
2018-07-22 05:00,0,421.50973834356,21.6742266559389,87.1276777546013,0.926952235023054,0,0
2018-07-22 06:00,0,408.50973834356,21.3126914731937,87.2925000747446,0.946985506667547,0,0
2018-07-22 07:00,0,408.50973834356,21.0736057558838,87.3867441800474,0.88416941083773,0,0
2018-07-22 08:00,0,408.50973834356,20.9195477994816,87.3328057653484,0.763134948766852,0,0
2018-07-22 09:00,0,408.50973834356,20.8934714984991,87.0885484890581,0.62832747752066,0,0
2018-07-22 10:00,123.774056863687,408.50973834356,21.0383307474487,86.611836009587,0.52419235416492,0,0
2018-07-22 11:00,259.776929677228,408.50973834356,21.3970794408428,85.8605319853457,0.495174935765378,0,0
2018-07-22 12:00,385.815234048857,431.50973834356,22.0126714731937,84.7925000747446,0.585720579387794,2.82084285819118e-05,0
2018-07-22 13:00,493.294632403328,431.50973834356,23.1059571213418,81.0708973194363,0.87083905820267,2.82084285819118e-05,0
2018-07-22 14:00,574.884561735649,431.50973834356,24.6867433250455,73.6306263257279,1.32997604119151,2.82084285819118e-05,0
2018-07-22 15:00,625.017930659293,431.50973834356,26.4814189731937,64.3371690990116,1.86423072913657,2.82084285819118e-05,0
2018-07-22 16:00,640.270697286806,431.50973834356,28.2163729546751,55.0560076446807,2.37470232282005,2.82084285819118e-05,0
2018-07-22 17:00,619.595447340449,431.50973834356,29.6179941583788,47.6526239681275,2.76249002302421,2.82084285819118e-05,0
2018-07-22 18:00,564.393038384002,442.50973834356,30.4126714731936,43.9925000747446,2.92869303053128,0.0161850084285819,0
2018-07-22 19:00,478.417409553115,442.50973834356,30.5071180935641,44.5471297043742,2.83867652292783,0.0161850084285819,0
2018-07-22 20:00,367.520024867497,442.50973834356,30.1015655472677,47.9184260006704,2.56463417510539,0.0161850084285819,0
2018-07-22 21:00,239.251347427991,442.50973834356,29.3626802231937,53.1675000747446,2.16790793380361,0.0161850084285819,0
2018-07-22 22:00,102.346486699225,442.50973834356,28.4571285102307,59.3554630377075,1.70983974576218,0.0161850084285819,0
2018-07-22 23:00,0,442.50973834356,27.5515767972678,65.5434260006704,1.25177155772074,0.0161850084285819,0
